# name	type	tags	description_or_title	npm_deps	payload_file
accordion	ui	accordion	accordion (ui primitive)	radix-ui	vendor/origin/r/accordion.json
alert-dialog	ui	alert-dialog	alert-dialog (ui primitive)	radix-ui	vendor/origin/r/alert-dialog.json
avatar	ui	avatar	avatar (ui primitive)	radix-ui	vendor/origin/r/avatar.json
badge	ui	badge	badge (ui primitive)	radix-ui	vendor/origin/r/badge.json
breadcrumb	ui	breadcrumb	breadcrumb (ui primitive)	radix-ui	vendor/origin/r/breadcrumb.json
button	ui	button	button (ui primitive)	radix-ui	vendor/origin/r/button.json
calendar	ui	calendar	calendar (ui primitive)	react-day-picker,date-fns	vendor/origin/r/calendar.json
calendar-rac	ui	calendar-rac	calendar-rac (ui primitive)	react-aria-components,@internationalized/date	vendor/origin/r/calendar-rac.json
checkbox	ui	checkbox	checkbox (ui primitive)	radix-ui	vendor/origin/r/checkbox.json
checkbox-tree	ui	checkbox-tree	checkbox-tree (ui primitive)		vendor/origin/r/checkbox-tree.json
collapsible	ui	collapsible	collapsible (ui primitive)	radix-ui	vendor/origin/r/collapsible.json
command	ui	command	command (ui primitive)	cmdk	vendor/origin/r/command.json
cropper	ui	cropper	cropper (ui primitive)	@origin-space/image-cropper	vendor/origin/r/cropper.json
datefield-rac	ui	datefield-rac	datefield-rac (ui primitive)	react-aria-components	vendor/origin/r/datefield-rac.json
dialog	ui	dialog	dialog (ui primitive)	radix-ui	vendor/origin/r/dialog.json
dropdown-menu	ui	dropdown-menu	dropdown-menu (ui primitive)	radix-ui	vendor/origin/r/dropdown-menu.json
hover-card	ui	hover-card	hover-card (ui primitive)	radix-ui	vendor/origin/r/hover-card.json
input	ui	input	input (ui primitive)		vendor/origin/r/input.json
label	ui	label	label (ui primitive)	radix-ui	vendor/origin/r/label.json
multiselect	ui	multiselect	multiselect (ui primitive)		vendor/origin/r/multiselect.json
navigation-menu	ui	navigation-menu	navigation-menu (ui primitive)		vendor/origin/r/navigation-menu.json
pagination	ui	pagination	pagination (ui primitive)		vendor/origin/r/pagination.json
popover	ui	popover	popover (ui primitive)	radix-ui	vendor/origin/r/popover.json
progress	ui	progress	progress (ui primitive)	radix-ui	vendor/origin/r/progress.json
radio-group	ui	radio-group	radio-group (ui primitive)	radix-ui	vendor/origin/r/radio-group.json
scroll-area	ui	scroll-area	scroll-area (ui primitive)	radix-ui	vendor/origin/r/scroll-area.json
select-native	ui	select-native	select-native (ui primitive)		vendor/origin/r/select-native.json
select	ui	select	select (ui primitive)	radix-ui	vendor/origin/r/select.json
slider	ui	slider	slider (ui primitive)	radix-ui	vendor/origin/r/slider.json
sonner	ui	sonner	sonner (ui primitive)	sonner,next-themes	vendor/origin/r/sonner.json
stepper	ui	stepper	stepper (ui primitive)	radix-ui	vendor/origin/r/stepper.json
switch	ui	switch	switch (ui primitive)	radix-ui	vendor/origin/r/switch.json
table	ui	table	table (ui primitive)		vendor/origin/r/table.json
tabs	ui	tabs	tabs (ui primitive)	radix-ui	vendor/origin/r/tabs.json
textarea	ui	textarea	textarea (ui primitive)		vendor/origin/r/textarea.json
timeline	ui	timeline	timeline (ui primitive)	radix-ui	vendor/origin/r/timeline.json
toast	ui	toast	toast (ui primitive)	radix-ui	vendor/origin/r/toast.json
toggle	ui	toggle	toggle (ui primitive)	radix-ui	vendor/origin/r/toggle.json
toggle-group	ui	toggle-group	toggle-group (ui primitive)	radix-ui	vendor/origin/r/toggle-group.json
tooltip	ui	tooltip	tooltip (ui primitive)	radix-ui	vendor/origin/r/tooltip.json
tree	component	tree	tree (component)	@headless-tree/core,@headless-tree/react,radix-ui	vendor/origin/r/tree.json
use-character-limit	hook	use-character-limit	use-character-limit (hook)		vendor/origin/r/use-character-limit.json
use-file-upload	hook	use-file-upload	use-file-upload (hook)		vendor/origin/r/use-file-upload.json
use-pagination	hook	use-pagination	use-pagination (hook)		vendor/origin/r/use-pagination.json
use-slider-with-input	hook	use-slider-with-input	use-slider-with-input (hook)		vendor/origin/r/use-slider-with-input.json
use-toast	hook	use-toast	use-toast (hook)		vendor/origin/r/use-toast.json
utils	lib	utils	utils (lib)	clsx,tailwind-merge	vendor/origin/r/utils.json
comp-01	component	input,label	input/label — variant 01		vendor/origin/r/comp-01.json
comp-02	component	input,label,required	input/label/required — variant 02		vendor/origin/r/comp-02.json
comp-03	component	input,label,helper	input/label/helper — variant 03		vendor/origin/r/comp-03.json
comp-04	component	input,label,hint	input/label/hint — variant 04		vendor/origin/r/comp-04.json
comp-05	component	input,label	input/label — variant 05		vendor/origin/r/comp-05.json
comp-06	component	input,label,error	input/label/error — variant 06		vendor/origin/r/comp-06.json
comp-07	component	input,label	input/label — variant 07		vendor/origin/r/comp-07.json
comp-08	component	input,label,disabled	input/label/disabled — variant 08		vendor/origin/r/comp-08.json
comp-09	component	input,label	input/label — variant 09		vendor/origin/r/comp-09.json
comp-10	component	input,label	input/label — variant 10		vendor/origin/r/comp-10.json
comp-11	component	input,label	input/label — variant 11		vendor/origin/r/comp-11.json
comp-12	component	input,label	input/label — variant 12		vendor/origin/r/comp-12.json
comp-13	component	input,label	input/label — variant 13		vendor/origin/r/comp-13.json
comp-14	component	input,label	input/label — variant 14		vendor/origin/r/comp-14.json
comp-15	component	input,label	input/label — variant 15		vendor/origin/r/comp-15.json
comp-16	component	input,label	input/label — variant 16		vendor/origin/r/comp-16.json
comp-17	component	input,label,select,native select	input/label/select — variant 17		vendor/origin/r/comp-17.json
comp-18	component	input,label,select,native select	input/label/select — variant 18		vendor/origin/r/comp-18.json
comp-19	component	input,label,button	input/label/button — variant 19		vendor/origin/r/comp-19.json
comp-20	component	input,label,button	input/label/button — variant 20		vendor/origin/r/comp-20.json
comp-21	component	input,label,button	input/label/button — variant 21		vendor/origin/r/comp-21.json
comp-22	component	input,label,button	input/label/button — variant 22		vendor/origin/r/comp-22.json
comp-23	component	input,label,button,password	input/label/button — variant 23		vendor/origin/r/comp-23.json
comp-24	component	input,label,button	input/label/button — variant 24		vendor/origin/r/comp-24.json
comp-25	component	input,label,search,kbd	input/label/search — variant 25		vendor/origin/r/comp-25.json
comp-26	component	input,label,button,search	input/label/button — variant 26		vendor/origin/r/comp-26.json
comp-27	component	input,label,button,search	input/label/button — variant 27		vendor/origin/r/comp-27.json
comp-28	component	input,label,button,number,react aria	input/label/button — variant 28	react-aria-components	vendor/origin/r/comp-28.json
comp-29	component	input,label,button,number,react aria	input/label/button — variant 29	react-aria-components	vendor/origin/r/comp-29.json
comp-30	component	input,label,file	input/label/file — variant 30		vendor/origin/r/comp-30.json
comp-31	component	input,label	input/label — variant 31		vendor/origin/r/comp-31.json
comp-32	component	input,label	input/label — variant 32		vendor/origin/r/comp-32.json
comp-33	component	input,label	input/label — variant 33		vendor/origin/r/comp-33.json
comp-34	component	input,label	input/label — variant 34		vendor/origin/r/comp-34.json
comp-35	component	input,label	input/label — variant 35		vendor/origin/r/comp-35.json
comp-36	component	input,label,date,react aria	input/label/date — variant 36	react-aria-components	vendor/origin/r/comp-36.json
comp-37	component	input,label,date,react aria	input/label/date — variant 37		vendor/origin/r/comp-37.json
comp-38	component	input,label,date,react aria	input/label/date — variant 38		vendor/origin/r/comp-38.json
comp-39	component	input,label,date,react aria	input/label/date — variant 39		vendor/origin/r/comp-39.json
comp-40	component	input,label,date,react aria	input/label/date — variant 40		vendor/origin/r/comp-40.json
comp-41	component	input,label,date,calendar,picker,react aria	input/label/date — variant 41	react-aria-components	vendor/origin/r/comp-41.json
comp-42	component	input,label,date,calendar,range calendar,picker,react aria	input/label/date — variant 42	react-aria-components	vendor/origin/r/comp-42.json
comp-43	component	input,label,date,calendar,range calendar,picker,react aria	input/label/date — variant 43	react-aria-components,react-aria,@internationalized/date	vendor/origin/r/comp-43.json
comp-44	component	input,label,otp	input/label/otp — variant 44	input-otp	vendor/origin/r/comp-44.json
comp-45	component	input,label,otp	input/label/otp — variant 45	input-otp	vendor/origin/r/comp-45.json
comp-46	component	input,label,phone	input/label/phone — variant 46	react-phone-number-input	vendor/origin/r/comp-46.json
comp-47	component	input,label,checkout,payment,credit card,form	input/label/checkout — variant 47	react-payment-inputs	vendor/origin/r/comp-47.json
comp-48	component	input,label,checkout,payment,credit card,form	input/label/checkout — variant 48	react-payment-inputs	vendor/origin/r/comp-48.json
comp-49	component	input,label,checkout,payment,credit card,form	input/label/checkout — variant 49	react-payment-inputs	vendor/origin/r/comp-49.json
comp-50	component	input,label,checkout,payment,credit card,form	input/label/checkout — variant 50	react-payment-inputs	vendor/origin/r/comp-50.json
comp-51	component	input,label,password	input/label/password — variant 51		vendor/origin/r/comp-51.json
comp-52	component	input,label,read-only	input/label/read-only — variant 52		vendor/origin/r/comp-52.json
comp-53	component	input,label,copy	input/label/copy — variant 53		vendor/origin/r/comp-53.json
comp-54	component	input,label,mask	input/label/mask — variant 54	use-mask-input	vendor/origin/r/comp-54.json
comp-55	component	input,label,mask,time	input/label/mask — variant 55	use-mask-input	vendor/origin/r/comp-55.json
comp-56	component	input,label,tag,emblor	input/label/tag — variant 56	emblor	vendor/origin/r/comp-56.json
comp-57	component	input,label,tag,emblor	input/label/tag — variant 57	emblor	vendor/origin/r/comp-57.json
comp-58	component	input,label,otp	input/label/otp — variant 58	input-otp	vendor/origin/r/comp-58.json
comp-59	component	label,textarea	label/textarea — variant 59		vendor/origin/r/comp-59.json
comp-60	component	label,textarea,required	label/textarea/required — variant 60		vendor/origin/r/comp-60.json
comp-61	component	label,textarea,helper	label/textarea/helper — variant 61		vendor/origin/r/comp-61.json
comp-62	component	label,textarea,hint	label/textarea/hint — variant 62		vendor/origin/r/comp-62.json
comp-63	component	label,textarea	label/textarea — variant 63		vendor/origin/r/comp-63.json
comp-64	component	label,textarea,error	label/textarea/error — variant 64		vendor/origin/r/comp-64.json
comp-65	component	label,textarea	label/textarea — variant 65		vendor/origin/r/comp-65.json
comp-66	component	label,textarea	label/textarea — variant 66		vendor/origin/r/comp-66.json
comp-67	component	label,textarea,disabled	label/textarea/disabled — variant 67		vendor/origin/r/comp-67.json
comp-68	component	label,textarea,button	label/textarea/button — variant 68		vendor/origin/r/comp-68.json
comp-69	component	label,textarea,button	label/textarea/button — variant 69		vendor/origin/r/comp-69.json
comp-70	component	label,textarea,button	label/textarea/button — variant 70		vendor/origin/r/comp-70.json
comp-71	component	label,textarea	label/textarea — variant 71		vendor/origin/r/comp-71.json
comp-72	component	label,textarea	label/textarea — variant 72		vendor/origin/r/comp-72.json
comp-73	component	label,textarea	label/textarea — variant 73		vendor/origin/r/comp-73.json
comp-74	component	label,textarea	label/textarea — variant 74		vendor/origin/r/comp-74.json
comp-75	component	label,textarea	label/textarea — variant 75		vendor/origin/r/comp-75.json
comp-76	component	label,textarea,read-only	label/textarea/read-only — variant 76		vendor/origin/r/comp-76.json
comp-77	component	label,textarea	label/textarea — variant 77		vendor/origin/r/comp-77.json
comp-78	component	button	button — variant 78		vendor/origin/r/comp-78.json
comp-79	component	button,disabled	button/disabled — variant 79		vendor/origin/r/comp-79.json
comp-80	component	button	button — variant 80		vendor/origin/r/comp-80.json
comp-81	component	button	button — variant 81		vendor/origin/r/comp-81.json
comp-82	component	button,delete	button/delete — variant 82		vendor/origin/r/comp-82.json
comp-83	component	button	button — variant 83		vendor/origin/r/comp-83.json
comp-84	component	button	button — variant 84		vendor/origin/r/comp-84.json
comp-85	component	button,back	button/back — variant 85		vendor/origin/r/comp-85.json
comp-86	component	button,next	button/next — variant 86		vendor/origin/r/comp-86.json
comp-87	component	button	button — variant 87		vendor/origin/r/comp-87.json
comp-88	component	button,dropdown	button/dropdown — variant 88		vendor/origin/r/comp-88.json
comp-89	component	button	button — variant 89		vendor/origin/r/comp-89.json
comp-90	component	button,loading	button/loading — variant 90		vendor/origin/r/comp-90.json
comp-91	component	button,loading	button/loading — variant 91		vendor/origin/r/comp-91.json
comp-92	component	button,counter	button/counter — variant 92		vendor/origin/r/comp-92.json
comp-93	component	button,kbd	button/kbd — variant 93		vendor/origin/r/comp-93.json
comp-94	component	button,user,avatar,profile	button/user/avatar — variant 94		vendor/origin/r/comp-94.json
comp-95	component	button,user,avatar,profile,dropdown	button/user/avatar — variant 95		vendor/origin/r/comp-95.json
comp-96	component	button	button — variant 96		vendor/origin/r/comp-96.json
comp-97	component	button	button — variant 97		vendor/origin/r/comp-97.json
comp-98	component	button,menu	button/menu — variant 98		vendor/origin/r/comp-98.json
comp-99	component	button,tooltip	button/tooltip — variant 99		vendor/origin/r/comp-99.json
comp-100	component	button,menu,hamburger	button/menu/hamburger — variant 100		vendor/origin/r/comp-100.json
comp-101	component	button,toggle	button/toggle — variant 101		vendor/origin/r/comp-101.json
comp-102	component	button,vote,counter	button/vote/counter — variant 102		vendor/origin/r/comp-102.json
comp-103	component	button,vote,counter	button/vote/counter — variant 103		vendor/origin/r/comp-103.json
comp-104	component	button,volume,controls	button/volume/controls — variant 104		vendor/origin/r/comp-104.json
comp-105	component	button,copy	button/copy — variant 105		vendor/origin/r/comp-105.json
comp-106	component	button,toggle group	button/toggle group — variant 106		vendor/origin/r/comp-106.json
comp-107	component	button,toggle group	button/toggle group — variant 107		vendor/origin/r/comp-107.json
comp-108	component	button,toggle group,dropdown	button/toggle group/dropdown — variant 108		vendor/origin/r/comp-108.json
comp-109	component	button,toggle group	button/toggle group — variant 109		vendor/origin/r/comp-109.json
comp-110	component	button,toggle group	button/toggle group — variant 110		vendor/origin/r/comp-110.json
comp-111	component	button	button — variant 111		vendor/origin/r/comp-111.json
comp-112	component	button	button — variant 112		vendor/origin/r/comp-112.json
comp-113	component	button,dropdown	button/dropdown — variant 113		vendor/origin/r/comp-113.json
comp-114	component	button,dropdown,counter	button/dropdown/counter — variant 114		vendor/origin/r/comp-114.json
comp-115	component	button,previous	button/previous — variant 115		vendor/origin/r/comp-115.json
comp-116	component	button,next	button/next — variant 116		vendor/origin/r/comp-116.json
comp-117	component	button,like,counter	button/like/counter — variant 117		vendor/origin/r/comp-117.json
comp-118	component	button,like,counter	button/like/counter — variant 118		vendor/origin/r/comp-118.json
comp-119	component	button,social,login,authentication	button/social/login — variant 119	@remixicon/react	vendor/origin/r/comp-119.json
comp-120	component	button,social,login,authentication	button/social/login — variant 120	@remixicon/react	vendor/origin/r/comp-120.json
comp-121	component	button,social,login,authentication	button/social/login — variant 121	@remixicon/react	vendor/origin/r/comp-121.json
comp-122	component	button,social,login,authentication	button/social/login — variant 122	@remixicon/react	vendor/origin/r/comp-122.json
comp-123	component	button,collapsible	button/collapsible — variant 123		vendor/origin/r/comp-123.json
comp-124	component	button,back	button/back — variant 124		vendor/origin/r/comp-124.json
comp-125	component	button,upload,user,avatar,profile,image	button/upload/user — variant 125		vendor/origin/r/comp-125.json
comp-126	component	button,upload,user,avatar,profile,image	button/upload/user — variant 126		vendor/origin/r/comp-126.json
comp-127	component	button	button — variant 127		vendor/origin/r/comp-127.json
comp-128	component	button	button — variant 128		vendor/origin/r/comp-128.json
comp-129	component	button,dropdown,notification	button/dropdown/notification — variant 129		vendor/origin/r/comp-129.json
comp-130	component	button,toggle,darkmode	button/toggle/darkmode — variant 130		vendor/origin/r/comp-130.json
comp-131	component	button,dropdown	button/dropdown — variant 131		vendor/origin/r/comp-131.json
comp-132	component	checkbox,label,radix	checkbox/label/radix — variant 132		vendor/origin/r/comp-132.json
comp-133	component	checkbox,label,radix	checkbox/label/radix — variant 133		vendor/origin/r/comp-133.json
comp-134	component	checkbox,label,radix	checkbox/label/radix — variant 134		vendor/origin/r/comp-134.json
comp-135	component	checkbox,label,disabled,radix	checkbox/label/disabled — variant 135		vendor/origin/r/comp-135.json
comp-136	component	checkbox,label,radix	checkbox/label/radix — variant 136		vendor/origin/r/comp-136.json
comp-137	component	checkbox,label,radix	checkbox/label/radix — variant 137		vendor/origin/r/comp-137.json
comp-138	component	checkbox,label,login,authentication,radix	checkbox/label/login — variant 138		vendor/origin/r/comp-138.json
comp-139	component	checkbox,label,radix	checkbox/label/radix — variant 139		vendor/origin/r/comp-139.json
comp-140	component	checkbox,label,radix	checkbox/label/radix — variant 140		vendor/origin/r/comp-140.json
comp-141	component	checkbox,label,radix	checkbox/label/radix — variant 141		vendor/origin/r/comp-141.json
comp-142	component	checkbox,label,collapsible,radix	checkbox/label/collapsible — variant 142		vendor/origin/r/comp-142.json
comp-143	component	checkbox,label,radix	checkbox/label/radix — variant 143		vendor/origin/r/comp-143.json
comp-144	component	checkbox,label,card,radix	checkbox/label/card — variant 144		vendor/origin/r/comp-144.json
comp-145	component	checkbox,label,card,radix	checkbox/label/card — variant 145		vendor/origin/r/comp-145.json
comp-146	component	checkbox,label,card,radix	checkbox/label/card — variant 146		vendor/origin/r/comp-146.json
comp-147	component	checkbox,label,card,radix	checkbox/label/card — variant 147		vendor/origin/r/comp-147.json
comp-148	component	checkbox,label,tree,radix	checkbox/label/tree — variant 148		vendor/origin/r/comp-148.json
comp-149	component	checkbox,label,week,calendar,radix	checkbox/label/week — variant 149		vendor/origin/r/comp-149.json
comp-150	component	checkbox,label,toggle,darkmode,radix	checkbox/label/toggle — variant 150		vendor/origin/r/comp-150.json
comp-151	component	checkbox,label,radix	checkbox/label/radix — variant 151		vendor/origin/r/comp-151.json
comp-152	component	radio,label,radix	radio/label/radix — variant 152		vendor/origin/r/comp-152.json
comp-153	component	radio,label,radix	radio/label/radix — variant 153		vendor/origin/r/comp-153.json
comp-154	component	radio,label,radix	radio/label/radix — variant 154		vendor/origin/r/comp-154.json
comp-155	component	radio,label,radix	radio/label/radix — variant 155		vendor/origin/r/comp-155.json
comp-156	component	radio,label,collapsible,radix	radio/label/collapsible — variant 156		vendor/origin/r/comp-156.json
comp-157	component	radio,label,rating,radix	radio/label/rating — variant 157	@remixicon/react	vendor/origin/r/comp-157.json
comp-158	component	radio,label,color,picker,radix	radio/label/color — variant 158		vendor/origin/r/comp-158.json
comp-159	component	radio,label,card,radix	radio/label/card — variant 159		vendor/origin/r/comp-159.json
comp-160	component	radio,label,card,radix	radio/label/card — variant 160		vendor/origin/r/comp-160.json
comp-161	component	radio,label,card,radix	radio/label/card — variant 161		vendor/origin/r/comp-161.json
comp-162	component	radio,label,card,radix	radio/label/card — variant 162		vendor/origin/r/comp-162.json
comp-163	component	radio,label,card,checkout,payment,radix	radio/label/card — variant 163	@remixicon/react	vendor/origin/r/comp-163.json
comp-164	component	radio,label,card,pricing,radix	radio/label/card — variant 164		vendor/origin/r/comp-164.json
comp-165	component	radio,label,card,radix	radio/label/card — variant 165		vendor/origin/r/comp-165.json
comp-166	component	radio,label,pricing,radix	radio/label/pricing — variant 166		vendor/origin/r/comp-166.json
comp-167	component	radio,label,rating,vote,radix	radio/label/rating — variant 167		vendor/origin/r/comp-167.json
comp-168	component	radio,label,rating,vote,radix	radio/label/rating — variant 168		vendor/origin/r/comp-168.json
comp-169	component	radio,label,darkmode,radix	radio/label/darkmode — variant 169		vendor/origin/r/comp-169.json
comp-170	component	radio,label,pricing,switch,radix	radio/label/pricing — variant 170		vendor/origin/r/comp-170.json
comp-171	component	radio,label,rating,vote,radix	radio/label/rating — variant 171	@remixicon/react	vendor/origin/r/comp-171.json
comp-172	component	switch,radix	switch/radix — variant 172		vendor/origin/r/comp-172.json
comp-173	component	switch,radix	switch/radix — variant 173		vendor/origin/r/comp-173.json
comp-174	component	switch,radix	switch/radix — variant 174		vendor/origin/r/comp-174.json
comp-175	component	switch,radix	switch/radix — variant 175		vendor/origin/r/comp-175.json
comp-176	component	switch,radix	switch/radix — variant 176		vendor/origin/r/comp-176.json
comp-177	component	switch,radix	switch/radix — variant 177		vendor/origin/r/comp-177.json
comp-178	component	switch,radix	switch/radix — variant 178		vendor/origin/r/comp-178.json
comp-179	component	switch,label,radix	switch/label/radix — variant 179		vendor/origin/r/comp-179.json
comp-180	component	switch,label,radix	switch/label/radix — variant 180		vendor/origin/r/comp-180.json
comp-181	component	switch,label,darkmode,radix	switch/label/darkmode — variant 181		vendor/origin/r/comp-181.json
comp-182	component	switch,label,darkmode,radix	switch/label/darkmode — variant 182		vendor/origin/r/comp-182.json
comp-183	component	switch,label,darkmode,radix	switch/label/darkmode — variant 183		vendor/origin/r/comp-183.json
comp-184	component	switch,label,darkmode,radix	switch/label/darkmode — variant 184		vendor/origin/r/comp-184.json
comp-185	component	switch,label,radix	switch/label/radix — variant 185		vendor/origin/r/comp-185.json
comp-186	component	switch,label,card,radix	switch/label/card — variant 186		vendor/origin/r/comp-186.json
comp-187	component	switch,label,card,radix	switch/label/card — variant 187		vendor/origin/r/comp-187.json
comp-188	component	switch,label,card,radix	switch/label/card — variant 188		vendor/origin/r/comp-188.json
comp-189	component	label,select,native select	label/select/native select — variant 189		vendor/origin/r/comp-189.json
comp-190	component	label,select,native select	label/select/native select — variant 190		vendor/origin/r/comp-190.json
comp-191	component	label,select,native select,time	label/select/native select — variant 191		vendor/origin/r/comp-191.json
comp-192	component	label,select,native select	label/select/native select — variant 192		vendor/origin/r/comp-192.json
comp-193	component	label,select,native select	label/select/native select — variant 193		vendor/origin/r/comp-193.json
comp-194	component	label,select,native select,error	label/select/native select — variant 194		vendor/origin/r/comp-194.json
comp-195	component	label,select,native select	label/select/native select — variant 195		vendor/origin/r/comp-195.json
comp-196	component	label,select,native select,disabled	label/select/native select — variant 196		vendor/origin/r/comp-196.json
comp-197	component	label,select,native select	label/select/native select — variant 197		vendor/origin/r/comp-197.json
comp-198	component	label,select,native select	label/select/native select — variant 198		vendor/origin/r/comp-198.json
comp-199	component	label,select,native select	label/select/native select — variant 199		vendor/origin/r/comp-199.json
comp-200	component	label,select,native select,timezone,time	label/select/native select — variant 200		vendor/origin/r/comp-200.json
comp-201	component	label,select,native select	label/select/native select — variant 201		vendor/origin/r/comp-201.json
comp-202	component	label,select,native select	label/select/native select — variant 202		vendor/origin/r/comp-202.json
comp-203	component	label,select,radix	label/select/radix — variant 203		vendor/origin/r/comp-203.json
comp-204	component	label,select,radix	label/select/radix — variant 204		vendor/origin/r/comp-204.json
comp-205	component	label,select,radix	label/select/radix — variant 205		vendor/origin/r/comp-205.json
comp-206	component	label,select,helper,radix	label/select/helper — variant 206		vendor/origin/r/comp-206.json
comp-207	component	label,select,radix	label/select/radix — variant 207		vendor/origin/r/comp-207.json
comp-208	component	label,select,radix	label/select/radix — variant 208		vendor/origin/r/comp-208.json
comp-209	component	label,select,radix	label/select/radix — variant 209		vendor/origin/r/comp-209.json
comp-210	component	label,select,disabled,radix	label/select/disabled — variant 210		vendor/origin/r/comp-210.json
comp-211	component	label,select,required,radix	label/select/required — variant 211		vendor/origin/r/comp-211.json
comp-212	component	label,select,radix	label/select/radix — variant 212		vendor/origin/r/comp-212.json
comp-213	component	label,select,radix	label/select/radix — variant 213		vendor/origin/r/comp-213.json
comp-214	component	label,select,radix	label/select/radix — variant 214		vendor/origin/r/comp-214.json
comp-215	component	label,select,disabled,radix	label/select/disabled — variant 215		vendor/origin/r/comp-215.json
comp-216	component	label,select,radix	label/select/radix — variant 216		vendor/origin/r/comp-216.json
comp-217	component	label,select,radix	label/select/radix — variant 217		vendor/origin/r/comp-217.json
comp-218	component	label,select,timezone,time,radix	label/select/timezone — variant 218		vendor/origin/r/comp-218.json
comp-219	component	label,select,radix	label/select/radix — variant 219		vendor/origin/r/comp-219.json
comp-220	component	label,select,status,radix	label/select/status — variant 220		vendor/origin/r/comp-220.json
comp-221	component	label,select,radix	label/select/radix — variant 221		vendor/origin/r/comp-221.json
comp-222	component	label,select,radix	label/select/radix — variant 222	@remixicon/react	vendor/origin/r/comp-222.json
comp-223	component	label,select,radix	label/select/radix — variant 223	@remixicon/react	vendor/origin/r/comp-223.json
comp-224	component	label,select,radix	label/select/radix — variant 224		vendor/origin/r/comp-224.json
comp-225	component	label,select,flag,radix	label/select/flag — variant 225		vendor/origin/r/comp-225.json
comp-226	component	label,select,user,avatar,profile,radix	label/select/user — variant 226		vendor/origin/r/comp-226.json
comp-227	component	label,select,user,avatar,profile,radix	label/select/user — variant 227		vendor/origin/r/comp-227.json
comp-228	component	label,select,user,avatar,profile,radix	label/select/user — variant 228		vendor/origin/r/comp-228.json
comp-229	component	label,select,command,combobox,popover,search,autocomplete,radix	label/select/command — variant 229		vendor/origin/r/comp-229.json
comp-230	component	label,select,command,combobox,popover,search,autocomplete,radix	label/select/command — variant 230		vendor/origin/r/comp-230.json
comp-231	component	label,select,command,combobox,popover,search,autocomplete,timezone,time,radix	label/select/command — variant 231		vendor/origin/r/comp-231.json
comp-232	component	label,select,command,combobox,popover,search,autocomplete,flag,radix	label/select/command — variant 232		vendor/origin/r/comp-232.json
comp-233	component	label,select,command,combobox,popover,search,autocomplete,radix	label/select/command — variant 233		vendor/origin/r/comp-233.json
comp-234	component	label,select,multiselect,tag,input,search,autocomplete,radix	label/select/multiselect — variant 234		vendor/origin/r/comp-234.json
comp-235	component	label,select,multiselect,tag,input,search,autocomplete,radix	label/select/multiselect — variant 235		vendor/origin/r/comp-235.json
comp-236	component	label,select,multiselect,native select	label/select/multiselect — variant 236		vendor/origin/r/comp-236.json
comp-237	component	label,select,multiselect,react aria	label/select/multiselect — variant 237	react-aria-components	vendor/origin/r/comp-237.json
comp-238	component	label,select,multiselect,react aria	label/select/multiselect — variant 238	react-aria-components	vendor/origin/r/comp-238.json
comp-239	component	label,select,multiselect,react aria	label/select/multiselect — variant 239	react-aria-components	vendor/origin/r/comp-239.json
comp-240	component	slider,label,radix	slider/label/radix — variant 240		vendor/origin/r/comp-240.json
comp-241	component	slider,label,disabled,radix	slider/label/disabled — variant 241		vendor/origin/r/comp-241.json
comp-242	component	slider,label,radix	slider/label/radix — variant 242		vendor/origin/r/comp-242.json
comp-243	component	slider,label,radix	slider/label/radix — variant 243		vendor/origin/r/comp-243.json
comp-244	component	slider,label,radix	slider/label/radix — variant 244		vendor/origin/r/comp-244.json
comp-245	component	slider,label,radix	slider/label/radix — variant 245		vendor/origin/r/comp-245.json
comp-246	component	slider,label,radix	slider/label/radix — variant 246		vendor/origin/r/comp-246.json
comp-247	component	slider,label,radix	slider/label/radix — variant 247		vendor/origin/r/comp-247.json
comp-248	component	slider,label,radix	slider/label/radix — variant 248		vendor/origin/r/comp-248.json
comp-249	component	slider,label,tooltip,radix	slider/label/tooltip — variant 249		vendor/origin/r/comp-249.json
comp-250	component	slider,range slider,label,range,radix	slider/range slider/label — variant 250		vendor/origin/r/comp-250.json
comp-251	component	slider,range slider,label,range,radix	slider/range slider/label — variant 251		vendor/origin/r/comp-251.json
comp-252	component	slider,label,volume,controls,radix	slider/label/volume — variant 252		vendor/origin/r/comp-252.json
comp-253	component	slider,range slider,label,range,radix	slider/range slider/label — variant 253		vendor/origin/r/comp-253.json
comp-254	component	slider,label,button,input,tooltip,reset,radix	slider/label/button — variant 254		vendor/origin/r/comp-254.json
comp-255	component	slider,label,input,radix	slider/label/input — variant 255		vendor/origin/r/comp-255.json
comp-256	component	slider,label,vote,rating,radix	slider/label/vote — variant 256		vendor/origin/r/comp-256.json
comp-257	component	slider,label,vote,rating,radix	slider/label/vote — variant 257		vendor/origin/r/comp-257.json
comp-258	component	slider,range slider,label,input,range,radix	slider/range slider/label — variant 258		vendor/origin/r/comp-258.json
comp-259	component	slider,label,button,pricing,radix	slider/label/button — variant 259		vendor/origin/r/comp-259.json
comp-260	component	slider,range slider,label,button,radix	slider/range slider/label — variant 260		vendor/origin/r/comp-260.json
comp-261	component	slider,vertical slider,label,radix	slider/vertical slider/label — variant 261		vendor/origin/r/comp-261.json
comp-262	component	slider,vertical slider,label,input,radix	slider/vertical slider/label — variant 262		vendor/origin/r/comp-262.json
comp-263	component	slider,vertical slider,range slider,label,radix	slider/vertical slider/range slider — variant 263		vendor/origin/r/comp-263.json
comp-264	component	slider,label,input,button,reset,radix	slider/label/input — variant 264		vendor/origin/r/comp-264.json
comp-265	component	slider,label,input,button,radix	slider/label/input — variant 265		vendor/origin/r/comp-265.json
comp-266	component	slider,label,equalizer,radix	slider/label/equalizer — variant 266		vendor/origin/r/comp-266.json
comp-267	component	alert,warning	alert/warning — variant 267		vendor/origin/r/comp-267.json
comp-268	component	alert,warning	alert/warning — variant 268		vendor/origin/r/comp-268.json
comp-269	component	alert,error	alert/error — variant 269		vendor/origin/r/comp-269.json
comp-270	component	alert,error	alert/error — variant 270		vendor/origin/r/comp-270.json
comp-271	component	alert,success	alert/success — variant 271		vendor/origin/r/comp-271.json
comp-272	component	alert,success	alert/success — variant 272		vendor/origin/r/comp-272.json
comp-273	component	alert,info	alert/info — variant 273		vendor/origin/r/comp-273.json
comp-274	component	alert,info	alert/info — variant 274		vendor/origin/r/comp-274.json
comp-275	component	alert,warning	alert/warning — variant 275		vendor/origin/r/comp-275.json
comp-276	component	alert,warning	alert/warning — variant 276		vendor/origin/r/comp-276.json
comp-277	component	alert,error,signup,authentication	alert/error/signup — variant 277		vendor/origin/r/comp-277.json
comp-278	component	alert,error,signup,authentication	alert/error/signup — variant 278		vendor/origin/r/comp-278.json
comp-279	component	notification,warning	notification/warning — variant 279		vendor/origin/r/comp-279.json
comp-280	component	notification,error	notification/error — variant 280		vendor/origin/r/comp-280.json
comp-281	component	notification,success	notification/success — variant 281		vendor/origin/r/comp-281.json
comp-282	component	notification,info	notification/info — variant 282		vendor/origin/r/comp-282.json
comp-283	component	notification,warning	notification/warning — variant 283		vendor/origin/r/comp-283.json
comp-284	component	notification,error	notification/error — variant 284		vendor/origin/r/comp-284.json
comp-285	component	notification,success	notification/success — variant 285		vendor/origin/r/comp-285.json
comp-286	component	notification,info	notification/info — variant 286		vendor/origin/r/comp-286.json
comp-287	component	notification,button,success	notification/button/success — variant 287		vendor/origin/r/comp-287.json
comp-288	component	notification,success	notification/success — variant 288		vendor/origin/r/comp-288.json
comp-289	component	notification,button,warning	notification/button/warning — variant 289		vendor/origin/r/comp-289.json
comp-290	component	notification,button,error	notification/button/error — variant 290		vendor/origin/r/comp-290.json
comp-291	component	notification,button,success	notification/button/success — variant 291		vendor/origin/r/comp-291.json
comp-292	component	notification,button,info	notification/button/info — variant 292		vendor/origin/r/comp-292.json
comp-293	component	notification,button,cookies,gdpr,privacy	notification/button/cookies — variant 293		vendor/origin/r/comp-293.json
comp-294	component	notification,button,info	notification/button/info — variant 294		vendor/origin/r/comp-294.json
comp-295	component	notification,button	notification/button — variant 295		vendor/origin/r/comp-295.json
comp-296	component	notification,button	notification/button — variant 296		vendor/origin/r/comp-296.json
comp-297	component	notification,toast,radix	notification/toast/radix — variant 297		vendor/origin/r/comp-297.json
comp-298	component	notification,toast,success,radix	notification/toast/success — variant 298		vendor/origin/r/comp-298.json
comp-299	component	notification,toast,sonner,radix	notification/toast/sonner — variant 299	sonner	vendor/origin/r/comp-299.json
comp-300	component	notification,toast,sonner,success,radix	notification/toast/sonner — variant 300	sonner	vendor/origin/r/comp-300.json
comp-301	component	banner,cookies,gdpr,privacy	banner/cookies/gdpr — variant 301		vendor/origin/r/comp-301.json
comp-302	component	banner	banner — variant 302		vendor/origin/r/comp-302.json
comp-303	component	banner	banner — variant 303		vendor/origin/r/comp-303.json
comp-304	component	banner	banner — variant 304		vendor/origin/r/comp-304.json
comp-305	component	banner	banner — variant 305		vendor/origin/r/comp-305.json
comp-306	component	banner	banner — variant 306		vendor/origin/r/comp-306.json
comp-307	component	banner	banner — variant 307		vendor/origin/r/comp-307.json
comp-308	component	banner	banner — variant 308		vendor/origin/r/comp-308.json
comp-309	component	banner	banner — variant 309		vendor/origin/r/comp-309.json
comp-310	component	banner,countdown,sale	banner/countdown/sale — variant 310		vendor/origin/r/comp-310.json
comp-311	component	banner,newsletter,subscribe	banner/newsletter/subscribe — variant 311		vendor/origin/r/comp-311.json
comp-312	component	banner	banner — variant 312		vendor/origin/r/comp-312.json
comp-313	component	dialog,modal,alert,alert dialog,radix	dialog/modal/alert — variant 313		vendor/origin/r/comp-313.json
comp-314	component	dialog,modal,alert,alert dialog,radix	dialog/modal/alert — variant 314		vendor/origin/r/comp-314.json
comp-315	component	dialog,modal,radix	dialog/modal/radix — variant 315		vendor/origin/r/comp-315.json
comp-316	component	dialog,modal,radix	dialog/modal/radix — variant 316		vendor/origin/r/comp-316.json
comp-317	component	dialog,modal,radix	dialog/modal/radix — variant 317		vendor/origin/r/comp-317.json
comp-318	component	dialog,modal,radix	dialog/modal/radix — variant 318		vendor/origin/r/comp-318.json
comp-319	component	dialog,modal,radix	dialog/modal/radix — variant 319		vendor/origin/r/comp-319.json
comp-320	component	dialog,modal,delete,radix	dialog/modal/delete — variant 320		vendor/origin/r/comp-320.json
comp-321	component	dialog,modal,newsletter,subscribe,form,radix	dialog/modal/newsletter — variant 321		vendor/origin/r/comp-321.json
comp-322	component	dialog,modal,feedback,form,radix	dialog/modal/feedback — variant 322		vendor/origin/r/comp-322.json
comp-323	component	dialog,modal,rating,feedback,form,radix	dialog/modal/rating — variant 323		vendor/origin/r/comp-323.json
comp-324	component	dialog,modal,otp,radix	dialog/modal/otp — variant 324	input-otp	vendor/origin/r/comp-324.json
comp-325	component	dialog,modal,signup,authentication,form,radix	dialog/modal/signup — variant 325		vendor/origin/r/comp-325.json
comp-326	component	dialog,modal,login,authentication,form,radix	dialog/modal/login — variant 326		vendor/origin/r/comp-326.json
comp-327	component	dialog,modal,form,user,team,radix	dialog/modal/form — variant 327		vendor/origin/r/comp-327.json
comp-328	component	dialog,modal,checkout,payment,credit card,form,radix	dialog/modal/checkout — variant 328	react-payment-inputs	vendor/origin/r/comp-328.json
comp-329	component	dialog,modal,checkout,payment,credit card,form,radix	dialog/modal/checkout — variant 329	react-payment-inputs	vendor/origin/r/comp-329.json
comp-330	component	dialog,modal,user,radix	dialog/modal/user — variant 330		vendor/origin/r/comp-330.json
comp-331	component	dialog,modal,user,profile,image,avatar,form,radix	dialog/modal/user — variant 331		vendor/origin/r/comp-331.json
comp-332	component	dialog,modal,onboarding,radix	dialog/modal/onboarding — variant 332		vendor/origin/r/comp-332.json
comp-333	component	dialog,modal,command,combobox,popover,search,radix,autocomplete,radix	dialog/modal/command — variant 333		vendor/origin/r/comp-333.json
comp-334	component	accordion,radix	accordion/radix — variant 334		vendor/origin/r/comp-334.json
comp-335	component	accordion,radix	accordion/radix — variant 335		vendor/origin/r/comp-335.json
comp-336	component	accordion,radix	accordion/radix — variant 336		vendor/origin/r/comp-336.json
comp-337	component	accordion,radix	accordion/radix — variant 337		vendor/origin/r/comp-337.json
comp-338	component	accordion,radix	accordion/radix — variant 338		vendor/origin/r/comp-338.json
comp-339	component	accordion,radix	accordion/radix — variant 339		vendor/origin/r/comp-339.json
comp-340	component	accordion,radix	accordion/radix — variant 340		vendor/origin/r/comp-340.json
comp-341	component	accordion,radix	accordion/radix — variant 341		vendor/origin/r/comp-341.json
comp-342	component	accordion,radix	accordion/radix — variant 342		vendor/origin/r/comp-342.json
comp-343	component	accordion,radix	accordion/radix — variant 343		vendor/origin/r/comp-343.json
comp-344	component	accordion,radix	accordion/radix — variant 344		vendor/origin/r/comp-344.json
comp-345	component	accordion,radix	accordion/radix — variant 345		vendor/origin/r/comp-345.json
comp-346	component	accordion,radix	accordion/radix — variant 346		vendor/origin/r/comp-346.json
comp-347	component	accordion,radix	accordion/radix — variant 347		vendor/origin/r/comp-347.json
comp-348	component	accordion,radix	accordion/radix — variant 348		vendor/origin/r/comp-348.json
comp-349	component	accordion,radix	accordion/radix — variant 349		vendor/origin/r/comp-349.json
comp-350	component	accordion,radix	accordion/radix — variant 350		vendor/origin/r/comp-350.json
comp-351	component	accordion,radix	accordion/radix — variant 351		vendor/origin/r/comp-351.json
comp-352	component	accordion,collapsible,radix	accordion/collapsible/radix — variant 352		vendor/origin/r/comp-352.json
comp-353	component	accordion,collapsible,radix	accordion/collapsible/radix — variant 353		vendor/origin/r/comp-353.json
comp-354	component	tooltip,radix	tooltip/radix — variant 354		vendor/origin/r/comp-354.json
comp-355	component	tooltip,radix	tooltip/radix — variant 355		vendor/origin/r/comp-355.json
comp-356	component	tooltip,radix	tooltip/radix — variant 356		vendor/origin/r/comp-356.json
comp-357	component	tooltip,radix	tooltip/radix — variant 357		vendor/origin/r/comp-357.json
comp-358	component	tooltip,radix	tooltip/radix — variant 358		vendor/origin/r/comp-358.json
comp-359	component	tooltip,image,radix	tooltip/image/radix — variant 359		vendor/origin/r/comp-359.json
comp-360	component	tooltip,button,kbd,radix	tooltip/button/kbd — variant 360		vendor/origin/r/comp-360.json
comp-361	component	tooltip,radix	tooltip/radix — variant 361		vendor/origin/r/comp-361.json
comp-362	component	tooltip,chart,radix	tooltip/chart/radix — variant 362		vendor/origin/r/comp-362.json
comp-363	component	tooltip,hover card,user,avatar,profile,radix	tooltip/hover card/user — variant 363		vendor/origin/r/comp-363.json
comp-364	component	tooltip,hover card,user,avatar,profile,radix	tooltip/hover card/user — variant 364		vendor/origin/r/comp-364.json
comp-365	component	tooltip,hover card,image,radix	tooltip/hover card/image — variant 365		vendor/origin/r/comp-365.json
comp-366	component	dropdown,radix	dropdown/radix — variant 366		vendor/origin/r/comp-366.json
comp-367	component	dropdown,radix	dropdown/radix — variant 367		vendor/origin/r/comp-367.json
comp-368	component	dropdown,radix	dropdown/radix — variant 368		vendor/origin/r/comp-368.json
comp-369	component	dropdown,radix	dropdown/radix — variant 369		vendor/origin/r/comp-369.json
comp-370	component	dropdown,radix	dropdown/radix — variant 370		vendor/origin/r/comp-370.json
comp-371	component	dropdown,checkbox,radix	dropdown/checkbox/radix — variant 371		vendor/origin/r/comp-371.json
comp-372	component	dropdown,radio,radix	dropdown/radio/radix — variant 372		vendor/origin/r/comp-372.json
comp-373	component	dropdown,kbd,delete,radix	dropdown/kbd/delete — variant 373		vendor/origin/r/comp-373.json
comp-374	component	dropdown,checkbox,radio,delete,radix	dropdown/checkbox/radio — variant 374		vendor/origin/r/comp-374.json
comp-375	component	dropdown,user,profile,radix	dropdown/user/profile — variant 375		vendor/origin/r/comp-375.json
comp-376	component	dropdown,user,profile,avatar,radix	dropdown/user/profile — variant 376		vendor/origin/r/comp-376.json
comp-377	component	dropdown,user,avatar,profile,radix	dropdown/user/avatar — variant 377		vendor/origin/r/comp-377.json
comp-378	component	dropdown,info,radix	dropdown/info/radix — variant 378		vendor/origin/r/comp-378.json
comp-379	component	dropdown,text editor,radix	dropdown/text editor/radix — variant 379		vendor/origin/r/comp-379.json
comp-380	component	dropdown,darkmode,radix	dropdown/darkmode/radix — variant 380		vendor/origin/r/comp-380.json
comp-381	component	popover,filter,radix	popover/filter/radix — variant 381		vendor/origin/r/comp-381.json
comp-382	component	popover,notification,radix	popover/notification/radix — variant 382		vendor/origin/r/comp-382.json
comp-383	component	popover,notification,user,radix	popover/notification/user — variant 383		vendor/origin/r/comp-383.json
comp-384	component	popover,tooltip,radix	popover/tooltip/radix — variant 384		vendor/origin/r/comp-384.json
comp-385	component	popover,tooltip,radix	popover/tooltip/radix — variant 385		vendor/origin/r/comp-385.json
comp-386	component	popover,tooltip,radix	popover/tooltip/radix — variant 386		vendor/origin/r/comp-386.json
comp-387	component	popover,share,social,copy,radix	popover/share/social — variant 387		vendor/origin/r/comp-387.json
comp-388	component	popover,feedback,form,radix	popover/feedback/form — variant 388		vendor/origin/r/comp-388.json
comp-389	component	popover,tour,radix	popover/tour/radix — variant 389		vendor/origin/r/comp-389.json
comp-390	component	avatar,user,profile	avatar/user/profile — variant 390		vendor/origin/r/comp-390.json
comp-391	component	avatar,user,profile	avatar/user/profile — variant 391		vendor/origin/r/comp-391.json
comp-392	component	avatar,user,profile	avatar/user/profile — variant 392		vendor/origin/r/comp-392.json
comp-393	component	avatar,user,profile	avatar/user/profile — variant 393		vendor/origin/r/comp-393.json
comp-394	component	avatar,user,profile,status	avatar/user/profile — variant 394		vendor/origin/r/comp-394.json
comp-395	component	avatar,user,profile,status	avatar/user/profile — variant 395		vendor/origin/r/comp-395.json
comp-396	component	avatar,user,profile,status	avatar/user/profile — variant 396		vendor/origin/r/comp-396.json
comp-397	component	avatar,user,profile,badge,chip	avatar/user/profile — variant 397		vendor/origin/r/comp-397.json
comp-398	component	avatar,user,profile,badge,chip	avatar/user/profile — variant 398		vendor/origin/r/comp-398.json
comp-399	component	avatar,user,profile,badge,chip	avatar/user/profile — variant 399		vendor/origin/r/comp-399.json
comp-400	component	avatar,user,profile	avatar/user/profile — variant 400		vendor/origin/r/comp-400.json
comp-401	component	avatar,avatar group	avatar/avatar group — variant 401		vendor/origin/r/comp-401.json
comp-402	component	avatar,avatar group	avatar/avatar group — variant 402		vendor/origin/r/comp-402.json
comp-403	component	avatar,avatar group	avatar/avatar group — variant 403		vendor/origin/r/comp-403.json
comp-404	component	avatar,avatar group	avatar/avatar group — variant 404		vendor/origin/r/comp-404.json
comp-405	component	avatar,avatar group	avatar/avatar group — variant 405		vendor/origin/r/comp-405.json
comp-406	component	avatar,avatar group	avatar/avatar group — variant 406		vendor/origin/r/comp-406.json
comp-407	component	avatar,avatar group	avatar/avatar group — variant 407		vendor/origin/r/comp-407.json
comp-408	component	avatar,avatar group	avatar/avatar group — variant 408		vendor/origin/r/comp-408.json
comp-409	component	avatar,avatar group	avatar/avatar group — variant 409		vendor/origin/r/comp-409.json
comp-410	component	avatar,avatar group	avatar/avatar group — variant 410		vendor/origin/r/comp-410.json
comp-411	component	avatar,avatar group	avatar/avatar group — variant 411		vendor/origin/r/comp-411.json
comp-412	component	avatar,avatar group	avatar/avatar group — variant 412		vendor/origin/r/comp-412.json
comp-413	component	badge,chip	badge/chip — variant 413		vendor/origin/r/comp-413.json
comp-414	component	badge,chip	badge/chip — variant 414		vendor/origin/r/comp-414.json
comp-415	component	badge,chip	badge/chip — variant 415		vendor/origin/r/comp-415.json
comp-416	component	badge,chip,counter	badge/chip/counter — variant 416		vendor/origin/r/comp-416.json
comp-417	component	badge,chip	badge/chip — variant 417		vendor/origin/r/comp-417.json
comp-418	component	badge,chip,counter	badge/chip/counter — variant 418		vendor/origin/r/comp-418.json
comp-419	component	badge,chip,status	badge/chip/status — variant 419		vendor/origin/r/comp-419.json
comp-420	component	badge,chip,status	badge/chip/status — variant 420		vendor/origin/r/comp-420.json
comp-421	component	badge,chip,status	badge/chip/status — variant 421		vendor/origin/r/comp-421.json
comp-422	component	badge,chip,status	badge/chip/status — variant 422		vendor/origin/r/comp-422.json
comp-423	component	badge,chip,checkbox	badge/chip/checkbox — variant 423		vendor/origin/r/comp-423.json
comp-424	component	badge,chip	badge/chip — variant 424		vendor/origin/r/comp-424.json
comp-425	component	badge,chip,tag	badge/chip/tag — variant 425		vendor/origin/r/comp-425.json
comp-426	component	tabs,radix	tabs/radix — variant 426		vendor/origin/r/comp-426.json
comp-427	component	tabs,radix	tabs/radix — variant 427		vendor/origin/r/comp-427.json
comp-428	component	tabs,radix	tabs/radix — variant 428		vendor/origin/r/comp-428.json
comp-429	component	tabs,radix	tabs/radix — variant 429		vendor/origin/r/comp-429.json
comp-430	component	tabs,radix	tabs/radix — variant 430		vendor/origin/r/comp-430.json
comp-431	component	tabs,radix	tabs/radix — variant 431		vendor/origin/r/comp-431.json
comp-432	component	tabs,radix	tabs/radix — variant 432		vendor/origin/r/comp-432.json
comp-433	component	tabs,radix	tabs/radix — variant 433		vendor/origin/r/comp-433.json
comp-434	component	tabs,radix	tabs/radix — variant 434		vendor/origin/r/comp-434.json
comp-435	component	tabs,radix	tabs/radix — variant 435		vendor/origin/r/comp-435.json
comp-436	component	tabs,radix	tabs/radix — variant 436		vendor/origin/r/comp-436.json
comp-437	component	tabs,radix	tabs/radix — variant 437		vendor/origin/r/comp-437.json
comp-438	component	tabs,radix	tabs/radix — variant 438		vendor/origin/r/comp-438.json
comp-439	component	tabs,radix	tabs/radix — variant 439		vendor/origin/r/comp-439.json
comp-440	component	tabs,radix	tabs/radix — variant 440		vendor/origin/r/comp-440.json
comp-441	component	tabs,radix	tabs/radix — variant 441		vendor/origin/r/comp-441.json
comp-442	component	tabs,vertical tabs,radix	tabs/vertical tabs/radix — variant 442		vendor/origin/r/comp-442.json
comp-443	component	tabs,vertical tabs,radix	tabs/vertical tabs/radix — variant 443		vendor/origin/r/comp-443.json
comp-444	component	tabs,vertical tabs,radix	tabs/vertical tabs/radix — variant 444		vendor/origin/r/comp-444.json
comp-445	component	tabs,vertical tabs,radix	tabs/vertical tabs/radix — variant 445		vendor/origin/r/comp-445.json
comp-446	component	breadcrumb,radix	breadcrumb/radix — variant 446		vendor/origin/r/comp-446.json
comp-447	component	breadcrumb,dropdown,radix	breadcrumb/dropdown/radix — variant 447		vendor/origin/r/comp-447.json
comp-448	component	breadcrumb,radix	breadcrumb/radix — variant 448		vendor/origin/r/comp-448.json
comp-449	component	breadcrumb,radix	breadcrumb/radix — variant 449		vendor/origin/r/comp-449.json
comp-450	component	breadcrumb,radix	breadcrumb/radix — variant 450		vendor/origin/r/comp-450.json
comp-451	component	breadcrumb,radix	breadcrumb/radix — variant 451		vendor/origin/r/comp-451.json
comp-452	component	breadcrumb,radix	breadcrumb/radix — variant 452		vendor/origin/r/comp-452.json
comp-453	component	breadcrumb,select,radix	breadcrumb/select/radix — variant 453		vendor/origin/r/comp-453.json
comp-454	component	pagination	pagination — variant 454		vendor/origin/r/comp-454.json
comp-455	component	pagination	pagination — variant 455		vendor/origin/r/comp-455.json
comp-456	component	pagination	pagination — variant 456		vendor/origin/r/comp-456.json
comp-457	component	pagination	pagination — variant 457		vendor/origin/r/comp-457.json
comp-458	component	pagination	pagination — variant 458		vendor/origin/r/comp-458.json
comp-459	component	pagination	pagination — variant 459		vendor/origin/r/comp-459.json
comp-460	component	pagination	pagination — variant 460		vendor/origin/r/comp-460.json
comp-461	component	pagination	pagination — variant 461		vendor/origin/r/comp-461.json
comp-462	component	pagination	pagination — variant 462		vendor/origin/r/comp-462.json
comp-463	component	pagination,select,radix	pagination/select/radix — variant 463		vendor/origin/r/comp-463.json
comp-464	component	pagination,select,radix	pagination/select/radix — variant 464		vendor/origin/r/comp-464.json
comp-465	component	pagination,input	pagination/input — variant 465		vendor/origin/r/comp-465.json
comp-466	component	table	table — variant 466		vendor/origin/r/comp-466.json
comp-467	component	table,user,avatar	table/user/avatar — variant 467		vendor/origin/r/comp-467.json
comp-468	component	table	table — variant 468		vendor/origin/r/comp-468.json
comp-469	component	table	table — variant 469		vendor/origin/r/comp-469.json
comp-470	component	table	table — variant 470		vendor/origin/r/comp-470.json
comp-471	component	table	table — variant 471		vendor/origin/r/comp-471.json
comp-472	component	table,checkbox	table/checkbox — variant 472		vendor/origin/r/comp-472.json
comp-473	component	table,checkbox,card	table/checkbox/card — variant 473		vendor/origin/r/comp-473.json
comp-474	component	table,vertical table	table/vertical table — variant 474		vendor/origin/r/comp-474.json
comp-475	component	table,sticky	table/sticky — variant 475		vendor/origin/r/comp-475.json
comp-476	component	table	table — variant 476		vendor/origin/r/comp-476.json
comp-477	component	table,tanstack,checkbox,badge,chip,flag	table/tanstack/checkbox — variant 477	@tanstack/react-table	vendor/origin/r/comp-477.json
comp-478	component	table,tanstack,checkbox,search,select,range,input,filter,sort	table/tanstack/checkbox — variant 478	@tanstack/react-table	vendor/origin/r/comp-478.json
comp-479	component	table,tanstack,flag,sort,resize	table/tanstack/flag — variant 479	@tanstack/react-table	vendor/origin/r/comp-479.json
comp-480	component	table,tanstack,flag,sticky,resize	table/tanstack/flag — variant 480	@tanstack/react-table	vendor/origin/r/comp-480.json
comp-481	component	table,tanstack,flag,sort,drag and drop	table/tanstack/flag — variant 481	@dnd-kit/core,@dnd-kit/modifiers,@dnd-kit/sortable,@dnd-kit/utilities,@tanstack/react-table	vendor/origin/r/comp-481.json
comp-482	component	table,tanstack,checkbox,collapsible,flag,badge,chip	table/tanstack/checkbox — variant 482	@tanstack/react-table	vendor/origin/r/comp-482.json
comp-483	component	table,tanstack,checkbox,sort,flag,badge,chip,pagination	table/tanstack/checkbox — variant 483	@tanstack/react-table	vendor/origin/r/comp-483.json
comp-484	component	table,tanstack,checkbox,sort,flag,badge,chip,pagination	table/tanstack/checkbox — variant 484	@tanstack/react-table	vendor/origin/r/comp-484.json
comp-485	component	table,tanstack,checkbox,sort,flag,badge,chip,pagination,filter,select	table/tanstack/checkbox — variant 485	@tanstack/react-table	vendor/origin/r/comp-485.json
comp-486	component	input,label,range	input/label/range — variant 486		vendor/origin/r/comp-486.json
comp-487	component	calendar,date,react aria	calendar/date/react aria — variant 487	react-aria-components	vendor/origin/r/comp-487.json
comp-488	component	calendar,range calendar,date,react aria	calendar/range calendar/date — variant 488	react-aria-components	vendor/origin/r/comp-488.json
comp-489	component	calendar,range calendar,date,disabled,react aria	calendar/range calendar/date — variant 489	react-aria-components	vendor/origin/r/comp-489.json
comp-490	component	calendar,date,react daypicker	calendar/date/react daypicker — variant 490		vendor/origin/r/comp-490.json
comp-491	component	calendar,range calendar,date,react daypicker	calendar/range calendar/date — variant 491		vendor/origin/r/comp-491.json
comp-492	component	calendar,range calendar,date,disabled,react daypicker	calendar/range calendar/date — variant 492		vendor/origin/r/comp-492.json
comp-493	component	calendar,date,react daypicker	calendar/date/react daypicker — variant 493		vendor/origin/r/comp-493.json
comp-494	component	calendar,date,react daypicker	calendar/date/react daypicker — variant 494		vendor/origin/r/comp-494.json
comp-495	component	calendar,range calendar,date,react daypicker	calendar/range calendar/date — variant 495		vendor/origin/r/comp-495.json
comp-496	component	calendar,date,react daypicker	calendar/date/react daypicker — variant 496		vendor/origin/r/comp-496.json
comp-497	component	calendar,date,react daypicker	calendar/date/react daypicker — variant 497		vendor/origin/r/comp-497.json
comp-498	component	calendar,date,react daypicker	calendar/date/react daypicker — variant 498		vendor/origin/r/comp-498.json
comp-499	component	calendar,date,week,react daypicker	calendar/date/week — variant 499		vendor/origin/r/comp-499.json
comp-500	component	calendar,date,button,react daypicker	calendar/date/button — variant 500		vendor/origin/r/comp-500.json
comp-501	component	calendar,date,button,react daypicker	calendar/date/button — variant 501		vendor/origin/r/comp-501.json
comp-502	component	calendar,date,input,react daypicker	calendar/date/input — variant 502		vendor/origin/r/comp-502.json
comp-503	component	calendar,date,input,time,react daypicker	calendar/date/input — variant 503		vendor/origin/r/comp-503.json
comp-504	component	calendar,date,collapsible,react daypicker,radix	calendar/date/collapsible — variant 504		vendor/origin/r/comp-504.json
comp-505	component	calendar,date,time,button,react daypicker	calendar/date/time — variant 505		vendor/origin/r/comp-505.json
comp-506	component	calendar,date,button,react daypicker	calendar/date/button — variant 506		vendor/origin/r/comp-506.json
comp-507	component	calendar,range calendar,date,button,react daypicker	calendar/range calendar/date — variant 507		vendor/origin/r/comp-507.json
comp-508	component	calendar,range calendar,date,react daypicker	calendar/range calendar/date — variant 508		vendor/origin/r/comp-508.json
comp-509	component	calendar,range calendar,date,react daypicker	calendar/range calendar/date — variant 509		vendor/origin/r/comp-509.json
comp-510	component	calendar,date,react daypicker	calendar/date/react daypicker — variant 510		vendor/origin/r/comp-510.json
comp-511	component	calendar,date,button,picker,react daypicker	calendar/date/button — variant 511		vendor/origin/r/comp-511.json
comp-512	component	calendar,date,button,picker,react daypicker	calendar/date/button — variant 512		vendor/origin/r/comp-512.json
comp-513	component	stepper	stepper — variant 513		vendor/origin/r/comp-513.json
comp-514	component	stepper	stepper — variant 514		vendor/origin/r/comp-514.json
comp-515	component	stepper	stepper — variant 515		vendor/origin/r/comp-515.json
comp-516	component	stepper	stepper — variant 516		vendor/origin/r/comp-516.json
comp-517	component	stepper	stepper — variant 517		vendor/origin/r/comp-517.json
comp-518	component	stepper	stepper — variant 518		vendor/origin/r/comp-518.json
comp-519	component	stepper	stepper — variant 519		vendor/origin/r/comp-519.json
comp-520	component	stepper	stepper — variant 520		vendor/origin/r/comp-520.json
comp-521	component	stepper	stepper — variant 521		vendor/origin/r/comp-521.json
comp-522	component	stepper	stepper — variant 522		vendor/origin/r/comp-522.json
comp-523	component	stepper	stepper — variant 523		vendor/origin/r/comp-523.json
comp-524	component	stepper	stepper — variant 524		vendor/origin/r/comp-524.json
comp-525	component	stepper	stepper — variant 525		vendor/origin/r/comp-525.json
comp-526	component	stepper,vertical stepper	stepper/vertical stepper — variant 526		vendor/origin/r/comp-526.json
comp-527	component	stepper,vertical stepper	stepper/vertical stepper — variant 527		vendor/origin/r/comp-527.json
comp-528	component	stepper,vertical stepper	stepper/vertical stepper — variant 528		vendor/origin/r/comp-528.json
comp-529	component	stepper,vertical stepper	stepper/vertical stepper — variant 529		vendor/origin/r/comp-529.json
comp-530	component	timeline,vertical timeline	timeline/vertical timeline — variant 530		vendor/origin/r/comp-530.json
comp-531	component	timeline,vertical timeline	timeline/vertical timeline — variant 531		vendor/origin/r/comp-531.json
comp-532	component	timeline,vertical timeline	timeline/vertical timeline — variant 532		vendor/origin/r/comp-532.json
comp-533	component	timeline,vertical timeline	timeline/vertical timeline — variant 533		vendor/origin/r/comp-533.json
comp-534	component	timeline,vertical timeline	timeline/vertical timeline — variant 534		vendor/origin/r/comp-534.json
comp-535	component	timeline,vertical timeline	timeline/vertical timeline — variant 535		vendor/origin/r/comp-535.json
comp-536	component	timeline,vertical timeline	timeline/vertical timeline — variant 536		vendor/origin/r/comp-536.json
comp-537	component	timeline,vertical timeline	timeline/vertical timeline — variant 537		vendor/origin/r/comp-537.json
comp-538	component	timeline,vertical timeline	timeline/vertical timeline — variant 538		vendor/origin/r/comp-538.json
comp-539	component	timeline,vertical timeline	timeline/vertical timeline — variant 539		vendor/origin/r/comp-539.json
comp-540	component	timeline	timeline — variant 540		vendor/origin/r/comp-540.json
comp-541	component	timeline	timeline — variant 541		vendor/origin/r/comp-541.json
comp-542	component	calendar	calendar — variant 542	date-fns,@dnd-kit/core,@dnd-kit/modifiers,@dnd-kit/utilities,@remixicon/react	vendor/origin/r/comp-542.json
comp-543	component	upload,file,image,drag and drop,avatar	upload/file/image — variant 543		vendor/origin/r/comp-543.json
comp-544	component	upload,file,image,drag and drop	upload/file/image — variant 544		vendor/origin/r/comp-544.json
comp-545	component	upload,file,image,drag and drop	upload/file/image — variant 545		vendor/origin/r/comp-545.json
comp-546	component	upload,file,image,drag and drop	upload/file/image — variant 546		vendor/origin/r/comp-546.json
comp-547	component	upload,file,image,drag and drop	upload/file/image — variant 547		vendor/origin/r/comp-547.json
comp-548	component	upload,file,image,drag and drop	upload/file/image — variant 548		vendor/origin/r/comp-548.json
comp-549	component	upload,file,image,drag and drop	upload/file/image — variant 549		vendor/origin/r/comp-549.json
comp-550	component	upload,file,image,drag and drop	upload/file/image — variant 550		vendor/origin/r/comp-550.json
comp-551	component	upload,file,image,drag and drop	upload/file/image — variant 551		vendor/origin/r/comp-551.json
comp-552	component	upload,file,image,drag and drop	upload/file/image — variant 552		vendor/origin/r/comp-552.json
comp-553	component	upload,file,image,drag and drop	upload/file/image — variant 553		vendor/origin/r/comp-553.json
comp-554	component	upload,file,image,drag and drop,crop,dialog,slider,zoom	upload/file/image — variant 554		vendor/origin/r/comp-554.json
comp-555	component	image,crop,zoom	image/crop/zoom — variant 555		vendor/origin/r/comp-555.json
comp-556	component	image,crop,zoom	image/crop/zoom — variant 556		vendor/origin/r/comp-556.json
comp-557	component	image,crop,zoom	image/crop/zoom — variant 557		vendor/origin/r/comp-557.json
comp-558	component	image,crop,zoom	image/crop/zoom — variant 558		vendor/origin/r/comp-558.json
comp-559	component	image,crop,zoom	image/crop/zoom — variant 559		vendor/origin/r/comp-559.json
comp-560	component	image,crop,zoom	image/crop/zoom — variant 560		vendor/origin/r/comp-560.json
comp-561	component	image,crop,zoom,slider	image/crop/zoom — variant 561		vendor/origin/r/comp-561.json
comp-562	component	image,crop,zoom	image/crop/zoom — variant 562		vendor/origin/r/comp-562.json
comp-563	component	image,crop,zoom	image/crop/zoom — variant 563		vendor/origin/r/comp-563.json
comp-564	component	image,crop,zoom	image/crop/zoom — variant 564		vendor/origin/r/comp-564.json
comp-565	component	tree	tree — variant 565		vendor/origin/r/comp-565.json
comp-566	component	tree	tree — variant 566		vendor/origin/r/comp-566.json
comp-567	component	tree	tree — variant 567		vendor/origin/r/comp-567.json
comp-568	component	tree	tree — variant 568		vendor/origin/r/comp-568.json
comp-569	component	tree	tree — variant 569		vendor/origin/r/comp-569.json
comp-570	component	tree	tree — variant 570		vendor/origin/r/comp-570.json
comp-571	component	tree,filter,search	tree/filter/search — variant 571		vendor/origin/r/comp-571.json
comp-572	component	tree,filter,search	tree/filter/search — variant 572		vendor/origin/r/comp-572.json
comp-573	component	tree	tree — variant 573		vendor/origin/r/comp-573.json
comp-574	component	tree,button	tree/button — variant 574		vendor/origin/r/comp-574.json
comp-575	component	tree	tree — variant 575		vendor/origin/r/comp-575.json
comp-576	component	tree,menu	tree/menu — variant 576		vendor/origin/r/comp-576.json
comp-577	component	navbar,navigation	navbar/navigation — variant 577		vendor/origin/r/comp-577.json
comp-578	component	navbar,navigation	navbar/navigation — variant 578		vendor/origin/r/comp-578.json
comp-579	component	navbar,navigation	navbar/navigation — variant 579		vendor/origin/r/comp-579.json
comp-580	component	navbar,navigation	navbar/navigation — variant 580		vendor/origin/r/comp-580.json
comp-581	component	navbar,navigation	navbar/navigation — variant 581		vendor/origin/r/comp-581.json
comp-582	component	navbar,navigation	navbar/navigation — variant 582		vendor/origin/r/comp-582.json
comp-583	component	navbar,navigation	navbar/navigation — variant 583		vendor/origin/r/comp-583.json
comp-584	component	navbar,navigation	navbar/navigation — variant 584		vendor/origin/r/comp-584.json
comp-585	component	navbar,navigation	navbar/navigation — variant 585		vendor/origin/r/comp-585.json
comp-586	component	navbar,navigation	navbar/navigation — variant 586		vendor/origin/r/comp-586.json
comp-587	component	navbar,navigation	navbar/navigation — variant 587		vendor/origin/r/comp-587.json
comp-588	component	navbar,navigation	navbar/navigation — variant 588		vendor/origin/r/comp-588.json
comp-589	component	navbar,navigation	navbar/navigation — variant 589		vendor/origin/r/comp-589.json
comp-590	component	navbar,navigation	navbar/navigation — variant 590		vendor/origin/r/comp-590.json
comp-591	component	navbar,navigation	navbar/navigation — variant 591		vendor/origin/r/comp-591.json
comp-592	component	navbar,navigation	navbar/navigation — variant 592		vendor/origin/r/comp-592.json
comp-593	component	navbar,navigation	navbar/navigation — variant 593		vendor/origin/r/comp-593.json
comp-594	component	navbar,navigation	navbar/navigation — variant 594		vendor/origin/r/comp-594.json
comp-595	component	navbar,navigation	navbar/navigation — variant 595		vendor/origin/r/comp-595.json
comp-596	component	navbar,navigation	navbar/navigation — variant 596		vendor/origin/r/comp-596.json
comp-597	component	tree,checkbox	tree/checkbox — variant 597		vendor/origin/r/comp-597.json
comp-598	component	tree,checkbox	tree/checkbox — variant 598		vendor/origin/r/comp-598.json
comp-599	component	tree,checkbox	tree/checkbox — variant 599		vendor/origin/r/comp-599.json
