# palette_id	ui_fit	hex_colors (5-6 per palette)
cmbhztcmh000al80cd86lbtbu	dark-ui,light-ui	#32aad5,#541424,#ace4dc,#9c7464,#2c5f56,#d8bebd
cmbhzmc240004ky0c3u0timfv	accent-only	#247ce8,#c7bc0a,#efa491,#777981,#a2d4b1,#444c4c
cmbhyfpoq0002jy0coidn6u0t	accent-only	#fbc304,#8c6305,#f95ec1,#546484,#565656,#acbebe
cmbhy77g80000l50ct7kvyovv	dark-ui	#342c64,#6982f1,#132463,#6fbc84,#40627e,#c6a29d
cmbhxu4mv0000le0cz7jmox8y	accent-only	#f6532d,#882919,#f16e57,#9a5952,#4e2c2b,#b6c3d8
cmbhxp5v60002jo0dx2ycu2jc	accent-only	#2c7cec,#2c9452,#d77fe7,#72907d,#343434,#8fc5a1
cmbhx6i770006l50is554nfzd	accent-only	#0fb674,#1b4658,#7ad3ed,#64649c,#2a4f48,#c5bcb9
cmbhx1yja001el70c6c1uzbyl	dark-ui,light-ui	#043444,#1cbbfb,#f6807b,#a7524f,#344e57,#e2e6e6
cmbhvwlaw0004le0cazqbn8bg	light-ui	#edaf06,#792210,#fadf28,#ab7d5c,#7e6f41,#d5cbb4
cmbhvajoi000ijs0dmnclensn	light-ui	#7c7c7c,#b48c14,#bcdcfc,#6a6a6a,#c4c4c4,#b28404
cmbhuissy000ajs0cmr7x73et	light-ui	#28346a,#3edee3,#83f48e,#539a4b,#3f413e,#b6cea0
cmbhtku8l0006kw0cq06zadhq	light-ui	#67b3bc,#28565c,#fcf4f4,#70789c,#4a4d51,#afd4d8
cmbhtbpt0000al80cq1ta06sm	dark-ui,light-ui	#0454ea,#4d87e6,#af785a,#7a564a,#d6d3b6,#042474
cmbht2kxc0002la0c1rk2esu5	dark-ui	#ea832e,#9c290f,#fba541,#8b6255,#2a161b,#d8cabb
cmbhsrlum0004le0cauoncad9	dark-ui	#2fa4df,#204a71,#7bbadf,#1f2a37,#abbac2,#777777
cmbhrdtgt0002k20cfluzm1gc	dark-ui	#9b100f,#85aef8,#a4b15a,#1c1e3e,#c2c4cb,#2c5fdf
cmbhr3h3x0000l40cjgh1apd8	light-ui	#cdbcaa,#3c9cf3,#4e6624,#ccf474,#a4745d,#5e3f37
cmbhr2gb60000js0c6k30thhg	light-ui	#7c341c,#f2ca3c,#b4f33e,#a2915b,#5f3f36,#d6caa7
cmbhq2r5h000ajl0cfnzh3ua7	accent-only	#877f6e,#f81c88,#0971a7,#fb7ebb,#453e3b,#cdb6c3
cmbhpop190000l50b3cik951u	dark-ui	#d4bcfc,#7540af,#3b0692,#45058b,#4a2870,#490593
cmbhphn6a0000l80cdh9xfj1m	dark-ui,light-ui	#f4e404,#7c740d,#fcf47c,#090804,#968c02
cmbhpgvry0002l40cxxdkd5pu	dark-ui	#445cfb,#bcbcbf,#7c8484,#1c256b,#4453ee,#3c444c
cmbhpghma0000lb0ckac0oaos	light-ui	#e19b30,#1a4696,#6a749d,#622e3e,#d2e1e8,#4c5aed
cmbhpct8d0000l20bdr59kgk4	accent-only	#bdbbc5,#7f66e8,#9e8bed,#543ca6,#544c94,#33323c
cmbhpcrks0004lb0c9f1wwxjc	accent-only	#3e463e,#848483,#b8c0b8,#bcc4bc,#778777,#454545
cmbhoiu1x0000lb0c0fj84odp	dark-ui,light-ui	#ec1d16,#741924,#f4fcfb,#6fac9c,#382824,#b4d0c4
cmbhnbtgu0004jq0csvpihxto	light-ui	#f85c07,#802f03,#efbd9b,#697c94,#40414d,#d8d4ac
cmbhna6xe0000l20ckovtawiw	dark-ui	#2e6cf2,#072c7c,#acccf0,#bcbcbb,#4c444c,#838484
cmbhn8jg2000fl90bojvftzhg	dark-ui	#075ee2,#620565,#edbda0,#aa548e,#483e3e,#ddc3d6
cmbhn7twg0000l90bywllr05w	dark-ui	#dbc5d5,#f75510,#5c1467,#f7bda1,#914140,#33313e
cmbhn57ou000elb0cl8dr6u17	accent-only	#1a4076,#f5b2a5,#a8737d,#342c5d,#cd9099,#cc2c24
cmbhn4k5f0004l80d98pxye0a	accent-only	#e5b731,#1c3c78,#fcbcb1,#b07c6a,#3c2c5c,#d4aaaf
cmbhn1pf40006l90cqk1ufmyo	accent-only	#343544,#31aa6f,#2b7154,#cfa58b,#9d684e,#d2c2a3
cmbhn08t5000xl10curkx1hqd	accent-only	#454242,#d95732,#5e3d2c,#dfb9a1,#947e6d,#a2d5bc
cmbhmmvj90002jr0dtjhjpyhl	accent-only	#365374,#174264,#a4bbd4,#678194,#2a445b,#b3c3d4
cmbhmm7u9000il10c7grd4q42	accent-only	#2c648c,#183e60,#acd4e4,#6688ac,#2d3f58,#aabcc8
cmbhmjlfk0008l20c285849p1	accent-only	#24d47c,#196c44,#f45a5a,#777b7a,#545757,#adbfb7
cmbhmh4wi000mla0dupw3j2mx	dark-ui	#fac605,#82560f,#4c74fb,#3f2427,#c9a9ad,#5c7c9c
cmbhmg0v70000k30ddtir7d22	accent-only	#a9bcc8
cmbhmfb360002la0dm9u4auqb	accent-only	#752a25,#748cfc,#9e5e4b,#574d3f,#bdb2ba
cmbhme1uz0006l80c3bp20mf8	accent-only	#f5b011,#825b18,#738bfb,#918f4a,#494036,#c1b1c2
cmbhm4whk0000l80dvhdztn1x	accent-only	#7f7f7f,#b4b4b4,#424242,#bcbcbc,#444444
cmbhm3qg2000old0ko6he107m	accent-only	#175ddb,#0c3277,#8cb4ec,#7d7e84,#373d45
cmbhlk3ug0000lb0czydt3tol	dark-ui	#ef942c,#241c5e,#7053f8,#554287,#654930,#b6b6b7
cmbhl1yj50006jp0cay127jl6	dark-ui	#ea7143,#041434,#ab61e5,#6c8dc0,#3c4153,#c7a192
cmbhkr4de0006jp0c9otlghm8	accent-only	#cc38cc,#387738,#df89dc,#2e3d35,#acc6ac,#64945c
cmbhhxg2b000qky0ehito36cs	accent-only	#24345c,#bc836c,#e9b8a3,#8f6455,#594f59,#c1c4c6
cmbhhnzgi0000lh0cku7ck810	dark-ui	#73728c,#28263f,#dbccbb,#fc4414,#806a30,#faa188
cmbhh2d3n000gl50ccpgfw8n9	accent-only	#aeaeae
cmbhg5470000kla0bb01zma5g	dark-ui	#fa5235,#8a53ea,#4f61a5,#514e52,#bfafc5,#811503
cmbhd9zz50000ie0bq8mvvllg	accent-only	#3b57e9,#129832,#eb5f5f,#6a8aa7,#cc9a97,#4f392b
cmbhd4iii000alb0c9ndgdr0b	accent-only	#f4b454,#6f2f2d,#f2b767,#7d7c41,#6a4532,#b4d7ba
cmbh8tddu0016kz0cirevhghu	dark-ui	#049cd4,#370bb1,#e7a795,#7b5da1,#362a5d,#a495bf
cmbh7lxm60006kz0bv6coe38i	dark-ui	#27bca8,#0c344c,#e8c092,#a15a69,#2c4550,#b6c0c7
cmbh1xo0w000il40csp4nau8o	accent-only	#1c4bd9,#1c348d,#aa82f5,#755ba3,#2c3166,#bfbfbf
cmbh044at0010l20c7cohyggr	dark-ui	#bf9b97,#c4504a,#550d0c,#f6c1c1,#797d7d,#444c48
cmbh03b1z001ii80bc8409qqw	light-ui	#2c4454,#a4bccc,#14dc34,#04c421,#85f397,#658aa0
cmbh02pij000ajs0d8hs7ppcc	dark-ui	#05ef2b,#9a0404,#d47479,#5c8c9c,#344047,#a2baca
cmbh029ea000qi80b3n02pusl	dark-ui	#e60505,#d7545c,#775fad,#2c415c,#ccb8dc,#9b0404
cmbh01ndn0000i80bkglnssmv	accent-only	#a2b9c8,#e70404,#ca5c5c,#2c425c
cmbgx03sw0000l40ccfsmeppm	accent-only	#f69634,#442cb3,#e5c487,#8674c3,#3a4151,#c9d3ac
cmbgw5jh8001il80dbq9p5u5y	dark-ui	#081e7a,#fb6457,#7d575e,#4d3631,#d4b9c0,#fc4366
cmbgvqwa2000ul80dq0iqsspj	accent-only	#5c4336,#b36d4b,#553424,#d7b3a1,#8d6c54,#d5b9a8
cmbgvhg2q000al10dw5c7qduy	accent-only	#f09406,#d40b19,#f07277,#808686,#2e5639,#c4cccc
cmbgudv7f000uk10c2o18gpeh	dark-ui,light-ui	#8ee5ef,#5e5ea6,#36344c,#babbcb,#46d2e5,#04047e
cmbgr2y2s0000ji0c4k4tv3zh	dark-ui	#0755b1,#6b223a,#d6b1a5,#6f9a85,#3f2139,#693d2f
cmbgqiod50002l40ca5we3dpt	accent-only	#da2827,#63a67b,#5e6069,#9aa7c1,#1ba34c,#95ace9
cmbgqi0kg000cl70cz9pg1nex	accent-only	#82251d,#e3a35c,#a88562,#d44e1f,#c9b89d,#594531
cmbgpyypv0008jr0llgycof4e	light-ui	#8c1545,#aa5777,#c8d0e3,#a04464,#fcf6e4,#474747
cmbgpufuq000cl10cayhi4f7m	light-ui	#d7d4a6,#50944d,#2e512e,#c6a692,#dca31a,#328609
cmbgoxrax000ck10d1hz1c3ud	dark-ui	#3a2d27,#a0d4d4,#6061f6,#042988,#f0ac72,#a6685b
cmbgotlms0002l20bruw2hg8a	accent-only	#2c3444,#b4bccc,#04ca54,#f49497,#74849c,#145cfc
cmbgnf4lx0002l20cfourjdhy	dark-ui	#0d0558,#486adf,#906864,#4e342e,#27a7db,#c4c9d9
cmbgn006c000ul80djh79mdpg	light-ui	#6f9a56,#483436,#bcb494,#c5bc37,#575b29,#e2dd97
cmbgmt8dy0004l80bgyq66oai	accent-only	#462c25,#c6bda9,#8c4523,#94ccdc,#8f6858,#c47458
cmbgmn8he000mjx0d112kyo9v	accent-only	#977f67,#c9bcb0,#947966,#cfc4b9,#4e4235,#434443
cmbgmksqm0027l80dphgpondn	accent-only	#04843c,#44a174,#5e9f80,#604c34,#a3ccbc,#a2d4bc
cmbgmkphg001ol80ditm8rb8f	accent-only	#b4b7bc,#12a3fb,#052fa6,#f8b095,#a9835e,#4c4441
cmbgmfhh8001elb0bplgstgtv	dark-ui	#8c5cfb,#c4d0dc,#121213,#5b1af1,#2bac8c,#736989
cmbgmepwn0010jo0cwf8lylbz	accent-only	#5baa80,#505454,#a1cfb8,#048c44,#5ec991,#04c45c
cmbgm7wna000ijm0d1t58aymi	accent-only	#ecae30,#34647e,#88e1a4,#919b62,#41403f,#c2c7b4
cmbgk5e2m0000jp0ck1h49mud	light-ui	#3a3461,#dcc640,#6c5514,#dbba9a,#5968ae,#dfd2c4
cmbgj9etc0000kz0dcqwsfklm	dark-ui,light-ui	#424447,#3636c8,#1c1c68,#f4f4fc,#b4b4bc
cmbgj66790000jv0cvsa3o7k0	accent-only	#3c4c5c,#cbc1c3,#9a620d,#f29188,#047cfb,#6c7484
cmbgi734x0000jy0bseb8su83	accent-only	#7c879a,#443427,#1e376a,#afc6ec,#ce162e,#a8bcd3
cmbghvkx20000js0c7ktfczka	accent-only	#f0581b,#7c2908,#ecbc6c,#af7c64,#885549,#cf9cac
cmbghkd2o0004jx0bf4glbu25	dark-ui	#e5b084,#9f6655,#4f3770,#abaad0,#4474b7,#14043b
cmbgfh90q0000jv0d6mjigqph	dark-ui	#0666f0,#817666,#232839,#0454d4,#88c9ec,#a5bbd4
cmbges9li0000kz0cql7vohei	accent-only	#6766aa,#273147,#4f5c27,#8ba0e4,#93ac4a,#b4acd1
cmbgeqi400000l40c02zjmc89	dark-ui	#a85d45,#e5bf92,#6e768c,#4c5c74,#1c243c,#ceaaa8
cmbge2bl5000mju0crbtx8ong	dark-ui	#042b79,#7ccce9,#537fa4,#24344d,#95a7ad,#1464d4
cmbgdh7gz0002ky0d69x7ubmo	light-ui	#a8d4cc,#55b097,#166c5c,#f2fcfa,#34554f,#808080
cmbgderti0002la0c3njm91n7	dark-ui	#022e82,#0454ec,#2a3241,#7cacf4,#70798c
cmbgd9o5p000ajp0cxgikx2t0	light-ui	#f9dfa1,#ac8268,#683f30,#f0b022,#099b76,#bd977f
cmbgd7y9v0013l40d6uztzim1	dark-ui,light-ui	#a36e45,#cde284,#829a64,#212708,#243c24,#b8b9b9
cmbgd3uyy0008jo0c6mypuqk4	light-ui	#1473eb,#86591b,#62452a,#98c8aa,#fcdc4c,#a6805f
cmbgd3eiq0002l40dfjw3mdd8	light-ui	#cec2ad,#4f483a,#858133,#c5f97a,#979a5a,#3c6c14
cmbgd11cx0008ky0cz8jrynoq	accent-only	#bc5a16,#76380d,#d3b57a,#747c6c,#453f26,#bc9484
cmbgctnkf0000l40cirgxdxry	accent-only	#b6a38d,#a890f4,#a67755,#2a443e,#fbb721,#64340c
cmbgcp6py0000l40c2a0vyila	dark-ui	#d5b042,#e2ca93,#519c84,#b0d4ca,#1c2c64
