# scale	step	light_hex	dark_hex	semantic_role	gray_pairing	step9_foreground
amber	1	#fefdfb	#16120c	app-bg	sand	dark
amber	2	#fefbe9	#1d180f	app-bg	sand	dark
amber	3	#fff7c2	#302008	component-state	sand	dark
amber	4	#ffee9c	#3f2700	component-state	sand	dark
amber	5	#fbe577	#4d3000	component-state	sand	dark
amber	6	#f3d673	#5c3d05	border	sand	dark
amber	7	#e9c162	#714f19	border	sand	dark
amber	8	#e2a336	#8f6424	border	sand	dark
amber	9	#ffc53d	#ffc53d	solid-accent	sand	dark
amber	10	#ffba18	#ffd60a	solid-accent	sand	dark
amber	11	#ab6400	#ffca16	text	sand	dark
amber	12	#4f3422	#ffe7b3	text	sand	dark
blue	1	#fbfdff	#0d1520	app-bg	slate	white
blue	2	#f4faff	#111927	app-bg	slate	white
blue	3	#e6f4fe	#0d2847	component-state	slate	white
blue	4	#d5efff	#003362	component-state	slate	white
blue	5	#c2e5ff	#004074	component-state	slate	white
blue	6	#acd8fc	#104d87	border	slate	white
blue	7	#8ec8f6	#205d9e	border	slate	white
blue	8	#5eb1ef	#2870bd	border	slate	white
blue	9	#0090ff	#0090ff	solid-accent	slate	white
blue	10	#0588f0	#3b9eff	solid-accent	slate	white
blue	11	#0d74ce	#70b8ff	text	slate	white
blue	12	#113264	#c2e6ff	text	slate	white
bronze	1	#fdfcfc	#141110	app-bg	sand	white
bronze	2	#fdf7f5	#1c1917	app-bg	sand	white
bronze	3	#f6edea	#262220	component-state	sand	white
bronze	4	#efe4df	#302a27	component-state	sand	white
bronze	5	#e7d9d3	#3b3330	component-state	sand	white
bronze	6	#dfcdc5	#493e3a	border	sand	white
bronze	7	#d3bcb3	#5a4c47	border	sand	white
bronze	8	#c2a499	#6f5f58	border	sand	white
bronze	9	#a18072	#a18072	solid-accent	sand	white
bronze	10	#957468	#ae8c7e	solid-accent	sand	white
bronze	11	#7d5e54	#d4b3a5	text	sand	white
bronze	12	#43302b	#ede0d9	text	sand	white
brown	1	#fefdfc	#12110f	app-bg	sand	white
brown	2	#fcf9f6	#1c1816	app-bg	sand	white
brown	3	#f6eee7	#28211d	component-state	sand	white
brown	4	#f0e4d9	#322922	component-state	sand	white
brown	5	#ebdaca	#3e3128	component-state	sand	white
brown	6	#e4cdb7	#4d3c2f	border	sand	white
brown	7	#dcbc9f	#614a39	border	sand	white
brown	8	#cea37e	#7c5f46	border	sand	white
brown	9	#ad7f58	#ad7f58	solid-accent	sand	white
brown	10	#a07553	#b88c67	solid-accent	sand	white
brown	11	#815e46	#dbb594	text	sand	white
brown	12	#3e332e	#f2e1ca	text	sand	white
crimson	1	#fffcfd	#191114	app-bg	mauve	white
crimson	2	#fef7f9	#201318	app-bg	mauve	white
crimson	3	#ffe9f0	#381525	component-state	mauve	white
crimson	4	#fedce7	#4d122f	component-state	mauve	white
crimson	5	#facedd	#5c1839	component-state	mauve	white
crimson	6	#f3bed1	#6d2545	border	mauve	white
crimson	7	#eaacc3	#873356	border	mauve	white
crimson	8	#e093b2	#b0436e	border	mauve	white
crimson	9	#e93d82	#e93d82	solid-accent	mauve	white
crimson	10	#df3478	#ee518a	solid-accent	mauve	white
crimson	11	#cb1d63	#ff92ad	text	mauve	white
crimson	12	#621639	#fdd3e8	text	mauve	white
cyan	1	#fafdfe	#0b161a	app-bg	slate	white
cyan	2	#f2fafb	#101b20	app-bg	slate	white
cyan	3	#def7f9	#082c36	component-state	slate	white
cyan	4	#caf1f6	#003848	component-state	slate	white
cyan	5	#b5e9f0	#004558	component-state	slate	white
cyan	6	#9ddde7	#045468	border	slate	white
cyan	7	#7dcedc	#12677e	border	slate	white
cyan	8	#3db9cf	#11809c	border	slate	white
cyan	9	#00a2c7	#00a2c7	solid-accent	slate	white
cyan	10	#0797b9	#23afd0	solid-accent	slate	white
cyan	11	#107d98	#4ccce6	text	slate	white
cyan	12	#0d3c48	#b6ecf7	text	slate	white
gold	1	#fdfdfc	#121211	app-bg	sand	white
gold	2	#faf9f2	#1b1a17	app-bg	sand	white
gold	3	#f2f0e7	#24231f	component-state	sand	white
gold	4	#eae6db	#2d2b26	component-state	sand	white
gold	5	#e1dccf	#38352e	component-state	sand	white
gold	6	#d8d0bf	#444039	border	sand	white
gold	7	#cbc0aa	#544f46	border	sand	white
gold	8	#b9a88d	#696256	border	sand	white
gold	9	#978365	#978365	solid-accent	sand	white
gold	10	#8c7a5e	#a39073	solid-accent	sand	white
gold	11	#71624b	#cbb99f	text	sand	white
gold	12	#3b352b	#e8e2d9	text	sand	white
grass	1	#fbfefb	#0e1511	app-bg	olive	white
grass	2	#f5fbf5	#141a15	app-bg	olive	white
grass	3	#e9f6e9	#1b2a1e	component-state	olive	white
grass	4	#daf1db	#1d3a24	component-state	olive	white
grass	5	#c9e8ca	#25482d	component-state	olive	white
grass	6	#b2ddb5	#2d5736	border	olive	white
grass	7	#94ce9a	#366740	border	olive	white
grass	8	#65ba74	#3e7949	border	olive	white
grass	9	#46a758	#46a758	solid-accent	olive	white
grass	10	#3e9b4f	#53b365	solid-accent	olive	white
grass	11	#2a7e3b	#71d083	text	olive	white
grass	12	#203c25	#c2f0c2	text	olive	white
gray	1	#fcfcfc	#111111	app-bg	-	white
gray	2	#f9f9f9	#191919	app-bg	-	white
gray	3	#f0f0f0	#222222	component-state	-	white
gray	4	#e8e8e8	#2a2a2a	component-state	-	white
gray	5	#e0e0e0	#313131	component-state	-	white
gray	6	#d9d9d9	#3a3a3a	border	-	white
gray	7	#cecece	#484848	border	-	white
gray	8	#bbbbbb	#606060	border	-	white
gray	9	#8d8d8d	#6e6e6e	solid-accent	-	white
gray	10	#838383	#7b7b7b	solid-accent	-	white
gray	11	#646464	#b4b4b4	text	-	white
gray	12	#202020	#eeeeee	text	-	white
green	1	#fbfefc	#0e1512	app-bg	sage	white
green	2	#f4fbf6	#121b17	app-bg	sage	white
green	3	#e6f6eb	#132d21	component-state	sage	white
green	4	#d6f1df	#113b29	component-state	sage	white
green	5	#c4e8d1	#174933	component-state	sage	white
green	6	#adddc0	#20573e	border	sage	white
green	7	#8eceaa	#28684a	border	sage	white
green	8	#5bb98b	#2f7c57	border	sage	white
green	9	#30a46c	#30a46c	solid-accent	sage	white
green	10	#2b9a66	#33b074	solid-accent	sage	white
green	11	#218358	#3dd68c	text	sage	white
green	12	#193b2d	#b1f1cb	text	sage	white
indigo	1	#fdfdfe	#11131f	app-bg	slate	white
indigo	2	#f7f9ff	#141726	app-bg	slate	white
indigo	3	#edf2fe	#182449	component-state	slate	white
indigo	4	#e1e9ff	#1d2e62	component-state	slate	white
indigo	5	#d2deff	#253974	component-state	slate	white
indigo	6	#c1d0ff	#304384	border	slate	white
indigo	7	#abbdf9	#3a4f97	border	slate	white
indigo	8	#8da4ef	#435db1	border	slate	white
indigo	9	#3e63dd	#3e63dd	solid-accent	slate	white
indigo	10	#3358d4	#5472e4	solid-accent	slate	white
indigo	11	#3a5bc7	#9eb1ff	text	slate	white
indigo	12	#1f2d5c	#d6e1ff	text	slate	white
iris	1	#fdfdff	#13131e	app-bg	slate	white
iris	2	#f8f8ff	#171625	app-bg	slate	white
iris	3	#f0f1fe	#202248	component-state	slate	white
iris	4	#e6e7ff	#262a65	component-state	slate	white
iris	5	#dadcff	#303374	component-state	slate	white
iris	6	#cbcdff	#3d3e82	border	slate	white
iris	7	#b8baf8	#4a4a95	border	slate	white
iris	8	#9b9ef0	#5958b1	border	slate	white
iris	9	#5b5bd6	#5b5bd6	solid-accent	slate	white
iris	10	#5151cd	#6e6ade	solid-accent	slate	white
iris	11	#5753c6	#b1a9ff	text	slate	white
iris	12	#272962	#e0dffe	text	slate	white
jade	1	#fbfefd	#0d1512	app-bg	sage	white
jade	2	#f4fbf7	#121c18	app-bg	sage	white
jade	3	#e6f7ed	#0f2e22	component-state	sage	white
jade	4	#d6f1e3	#0b3b2c	component-state	sage	white
jade	5	#c3e9d7	#114837	component-state	sage	white
jade	6	#acdec8	#1b5745	border	sage	white
jade	7	#8bceb6	#246854	border	sage	white
jade	8	#56ba9f	#2a7e68	border	sage	white
jade	9	#29a383	#29a383	solid-accent	sage	white
jade	10	#26997b	#27b08b	solid-accent	sage	white
jade	11	#208368	#1fd8a4	text	sage	white
jade	12	#1d3b31	#adf0d4	text	sage	white
lime	1	#fcfdfa	#11130c	app-bg	olive	dark
lime	2	#f8faf3	#151a10	app-bg	olive	dark
lime	3	#eef6d6	#1f2917	component-state	olive	dark
lime	4	#e2f0bd	#29371d	component-state	olive	dark
lime	5	#d3e7a6	#334423	component-state	olive	dark
lime	6	#c2da91	#3d522a	border	olive	dark
lime	7	#abc978	#496231	border	olive	dark
lime	8	#8db654	#577538	border	olive	dark
lime	9	#bdee63	#bdee63	solid-accent	olive	dark
lime	10	#b0e64c	#d4ff70	solid-accent	olive	dark
lime	11	#5c7c2f	#bde56c	text	olive	dark
lime	12	#37401c	#e3f7ba	text	olive	dark
mauve	1	#fdfcfd	#121113	app-bg	-	white
mauve	2	#faf9fb	#1a191b	app-bg	-	white
mauve	3	#f2eff3	#232225	component-state	-	white
mauve	4	#eae7ec	#2b292d	component-state	-	white
mauve	5	#e3dfe6	#323035	component-state	-	white
mauve	6	#dbd8e0	#3c393f	border	-	white
mauve	7	#d0cdd7	#49474e	border	-	white
mauve	8	#bcbac7	#625f69	border	-	white
mauve	9	#8e8c99	#6f6d78	solid-accent	-	white
mauve	10	#84828e	#7c7a85	solid-accent	-	white
mauve	11	#65636d	#b5b2bc	text	-	white
mauve	12	#211f26	#eeeef0	text	-	white
mint	1	#f9fefd	#0e1515	app-bg	sage	dark
mint	2	#f2fbf9	#0f1b1b	app-bg	sage	dark
mint	3	#ddf9f2	#092c2b	component-state	sage	dark
mint	4	#c8f4e9	#003a38	component-state	sage	dark
mint	5	#b3ecde	#004744	component-state	sage	dark
mint	6	#9ce0d0	#105650	border	sage	dark
mint	7	#7ecfbd	#1e685f	border	sage	dark
mint	8	#4cbba5	#277f70	border	sage	dark
mint	9	#86ead4	#86ead4	solid-accent	sage	dark
mint	10	#7de0cb	#a8f5e5	solid-accent	sage	dark
mint	11	#027864	#58d5ba	text	sage	dark
mint	12	#16433c	#c4f5e1	text	sage	dark
olive	1	#fcfdfc	#111210	app-bg	-	white
olive	2	#f8faf8	#181917	app-bg	-	white
olive	3	#eff1ef	#212220	component-state	-	white
olive	4	#e7e9e7	#282a27	component-state	-	white
olive	5	#dfe2df	#2f312e	component-state	-	white
olive	6	#d7dad7	#383a36	border	-	white
olive	7	#cccfcc	#454843	border	-	white
olive	8	#b9bcb8	#5c625b	border	-	white
olive	9	#898e87	#687066	solid-accent	-	white
olive	10	#7f847d	#767d74	solid-accent	-	white
olive	11	#60655f	#afb5ad	text	-	white
olive	12	#1d211c	#eceeec	text	-	white
orange	1	#fefcfb	#17120e	app-bg	sand	dark
orange	2	#fff7ed	#1e160f	app-bg	sand	dark
orange	3	#ffefd6	#331e0b	component-state	sand	dark
orange	4	#ffdfb5	#462100	component-state	sand	dark
orange	5	#ffd19a	#562800	component-state	sand	dark
orange	6	#ffc182	#66350c	border	sand	dark
orange	7	#f5ae73	#7e451d	border	sand	dark
orange	8	#ec9455	#a35829	border	sand	dark
orange	9	#f76b15	#f76b15	solid-accent	sand	dark
orange	10	#ef5f00	#ff801f	solid-accent	sand	dark
orange	11	#cc4e00	#ffa057	text	sand	dark
orange	12	#582d1d	#ffe0c2	text	sand	dark
pink	1	#fffcfe	#191117	app-bg	mauve	white
pink	2	#fef7fb	#21121d	app-bg	mauve	white
pink	3	#fee9f5	#37172f	component-state	mauve	white
pink	4	#fbdcef	#4b143d	component-state	mauve	white
pink	5	#f6cee7	#591c47	component-state	mauve	white
pink	6	#efbfdd	#692955	border	mauve	white
pink	7	#e7acd0	#833869	border	mauve	white
pink	8	#dd93c2	#a84885	border	mauve	white
pink	9	#d6409f	#d6409f	solid-accent	mauve	white
pink	10	#cf3897	#de51a8	solid-accent	mauve	white
pink	11	#c2298a	#ff8dcc	text	mauve	white
pink	12	#651249	#fdd1ea	text	mauve	white
plum	1	#fefcff	#181118	app-bg	mauve	white
plum	2	#fdf7fd	#201320	app-bg	mauve	white
plum	3	#fbebfb	#351a35	component-state	mauve	white
plum	4	#f7def8	#451d47	component-state	mauve	white
plum	5	#f2d1f3	#512454	component-state	mauve	white
plum	6	#e9c2ec	#5e3061	border	mauve	white
plum	7	#deade3	#734079	border	mauve	white
plum	8	#cf91d8	#92549c	border	mauve	white
plum	9	#ab4aba	#ab4aba	solid-accent	mauve	white
plum	10	#a144af	#b658c4	solid-accent	mauve	white
plum	11	#953ea3	#e796f3	text	mauve	white
plum	12	#53195d	#f4d4f4	text	mauve	white
purple	1	#fefcfe	#18111b	app-bg	mauve	white
purple	2	#fbf7fe	#1e1523	app-bg	mauve	white
purple	3	#f7edfe	#301c3b	component-state	mauve	white
purple	4	#f2e2fc	#3d224e	component-state	mauve	white
purple	5	#ead5f9	#48295c	component-state	mauve	white
purple	6	#e0c4f4	#54346b	border	mauve	white
purple	7	#d1afec	#664282	border	mauve	white
purple	8	#be93e4	#8457aa	border	mauve	white
purple	9	#8e4ec6	#8e4ec6	solid-accent	mauve	white
purple	10	#8347b9	#9a5cd0	solid-accent	mauve	white
purple	11	#8145b5	#d19dff	text	mauve	white
purple	12	#402060	#ecd9fa	text	mauve	white
red	1	#fffcfc	#191111	app-bg	mauve	white
red	2	#fff7f7	#201314	app-bg	mauve	white
red	3	#feebec	#3b1219	component-state	mauve	white
red	4	#ffdbdc	#500f1c	component-state	mauve	white
red	5	#ffcdce	#611623	component-state	mauve	white
red	6	#fdbdbe	#72232d	border	mauve	white
red	7	#f4a9aa	#8c333a	border	mauve	white
red	8	#eb8e90	#b54548	border	mauve	white
red	9	#e5484d	#e5484d	solid-accent	mauve	white
red	10	#dc3e42	#ec5d5e	solid-accent	mauve	white
red	11	#ce2c31	#ff9592	text	mauve	white
red	12	#641723	#ffd1d9	text	mauve	white
ruby	1	#fffcfd	#191113	app-bg	mauve	white
ruby	2	#fff7f8	#1e1517	app-bg	mauve	white
ruby	3	#feeaed	#3a141e	component-state	mauve	white
ruby	4	#ffdce1	#4e1325	component-state	mauve	white
ruby	5	#ffced6	#5e1a2e	component-state	mauve	white
ruby	6	#f8bfc8	#6f2539	border	mauve	white
ruby	7	#efacb8	#883447	border	mauve	white
ruby	8	#e592a3	#b3445a	border	mauve	white
ruby	9	#e54666	#e54666	solid-accent	mauve	white
ruby	10	#dc3b5d	#ec5a72	solid-accent	mauve	white
ruby	11	#ca244d	#ff949d	text	mauve	white
ruby	12	#64172b	#fed2e1	text	mauve	white
sage	1	#fbfdfc	#101211	app-bg	-	white
sage	2	#f7f9f8	#171918	app-bg	-	white
sage	3	#eef1f0	#202221	component-state	-	white
sage	4	#e6e9e8	#272a29	component-state	-	white
sage	5	#dfe2e0	#2e3130	component-state	-	white
sage	6	#d7dad9	#373b39	border	-	white
sage	7	#cbcfcd	#444947	border	-	white
sage	8	#b8bcba	#5b625f	border	-	white
sage	9	#868e8b	#63706b	solid-accent	-	white
sage	10	#7c8481	#717d79	solid-accent	-	white
sage	11	#5f6563	#adb5b2	text	-	white
sage	12	#1a211e	#eceeed	text	-	white
sand	1	#fdfdfc	#111110	app-bg	-	white
sand	2	#f9f9f8	#191918	app-bg	-	white
sand	3	#f1f0ef	#222221	component-state	-	white
sand	4	#e9e8e6	#2a2a28	component-state	-	white
sand	5	#e2e1de	#31312e	component-state	-	white
sand	6	#dad9d6	#3b3a37	border	-	white
sand	7	#cfceca	#494844	border	-	white
sand	8	#bcbbb5	#62605b	border	-	white
sand	9	#8d8d86	#6f6d66	solid-accent	-	white
sand	10	#82827c	#7c7b74	solid-accent	-	white
sand	11	#63635e	#b5b3ad	text	-	white
sand	12	#21201c	#eeeeec	text	-	white
sky	1	#f9feff	#0d141f	app-bg	slate	dark
sky	2	#f1fafd	#111a27	app-bg	slate	dark
sky	3	#e1f6fd	#112840	component-state	slate	dark
sky	4	#d1f0fa	#113555	component-state	slate	dark
sky	5	#bee7f5	#154467	component-state	slate	dark
sky	6	#a9daed	#1b537b	border	slate	dark
sky	7	#8dcae3	#1f6692	border	slate	dark
sky	8	#60b3d7	#197cae	border	slate	dark
sky	9	#7ce2fe	#7ce2fe	solid-accent	slate	dark
sky	10	#74daf8	#a8eeff	solid-accent	slate	dark
sky	11	#00749e	#75c7f0	text	slate	dark
sky	12	#1d3e56	#c2f3ff	text	slate	dark
slate	1	#fcfcfd	#111113	app-bg	-	white
slate	2	#f9f9fb	#18191b	app-bg	-	white
slate	3	#f0f0f3	#212225	component-state	-	white
slate	4	#e8e8ec	#272a2d	component-state	-	white
slate	5	#e0e1e6	#2e3135	component-state	-	white
slate	6	#d9d9e0	#363a3f	border	-	white
slate	7	#cdced6	#43484e	border	-	white
slate	8	#b9bbc6	#5a6169	border	-	white
slate	9	#8b8d98	#696e77	solid-accent	-	white
slate	10	#80838d	#777b84	solid-accent	-	white
slate	11	#60646c	#b0b4ba	text	-	white
slate	12	#1c2024	#edeef0	text	-	white
teal	1	#fafefd	#0d1514	app-bg	sage	white
teal	2	#f3fbf9	#111c1b	app-bg	sage	white
teal	3	#e0f8f3	#0d2d2a	component-state	sage	white
teal	4	#ccf3ea	#023b37	component-state	sage	white
teal	5	#b8eae0	#084843	component-state	sage	white
teal	6	#a1ded2	#145750	border	sage	white
teal	7	#83cdc1	#1c6961	border	sage	white
teal	8	#53b9ab	#207e73	border	sage	white
teal	9	#12a594	#12a594	solid-accent	sage	white
teal	10	#0d9b8a	#0eb39e	solid-accent	sage	white
teal	11	#008573	#0bd8b6	text	sage	white
teal	12	#0d3d38	#adf0dd	text	sage	white
tomato	1	#fffcfc	#181111	app-bg	mauve	white
tomato	2	#fff8f7	#1f1513	app-bg	mauve	white
tomato	3	#feebe7	#391714	component-state	mauve	white
tomato	4	#ffdcd3	#4e1511	component-state	mauve	white
tomato	5	#ffcdc2	#5e1c16	component-state	mauve	white
tomato	6	#fdbdaf	#6e2920	border	mauve	white
tomato	7	#f5a898	#853a2d	border	mauve	white
tomato	8	#ec8e7b	#ac4d39	border	mauve	white
tomato	9	#e54d2e	#e54d2e	solid-accent	mauve	white
tomato	10	#dd4425	#ec6142	solid-accent	mauve	white
tomato	11	#d13415	#ff977d	text	mauve	white
tomato	12	#5c271f	#fbd3cb	text	mauve	white
violet	1	#fdfcfe	#14121f	app-bg	mauve	white
violet	2	#faf8ff	#1b1525	app-bg	mauve	white
violet	3	#f4f0fe	#291f43	component-state	mauve	white
violet	4	#ebe4ff	#33255b	component-state	mauve	white
violet	5	#e1d9ff	#3c2e69	component-state	mauve	white
violet	6	#d4cafe	#473876	border	mauve	white
violet	7	#c2b5f5	#56468b	border	mauve	white
violet	8	#aa99ec	#6958ad	border	mauve	white
violet	9	#6e56cf	#6e56cf	solid-accent	mauve	white
violet	10	#654dc4	#7d66d9	solid-accent	mauve	white
violet	11	#6550b9	#baa7ff	text	mauve	white
violet	12	#2f265f	#e2ddfe	text	mauve	white
yellow	1	#fdfdf9	#14120b	app-bg	sand	dark
yellow	2	#fefce9	#1b180f	app-bg	sand	dark
yellow	3	#fffab8	#2d2305	component-state	sand	dark
yellow	4	#fff394	#362b00	component-state	sand	dark
yellow	5	#ffe770	#433500	component-state	sand	dark
yellow	6	#f3d768	#524202	border	sand	dark
yellow	7	#e4c767	#665417	border	sand	dark
yellow	8	#d5ae39	#836a21	border	sand	dark
yellow	9	#ffe629	#ffe629	solid-accent	sand	dark
yellow	10	#ffdc00	#ffff57	solid-accent	sand	dark
yellow	11	#9e6c00	#f5e147	text	sand	dark
yellow	12	#473b1f	#f6eeb4	text	sand	dark
